,#id,#label,Contingency.Cause.Reason,Expansion.Substitution.Arg2-as-subst,Contingency.Cause.Result,Contingency.Purpose.Arg1-as-goal,Expansion.Conjunction,Temporal.Asynchronous.Succession,Comparison.Contrast,Temporal.Asynchronous.Precedence,Expansion.Exception.Arg2-as-except,Comparison.Concession.Arg1-as-denier,Contingency.Negative-condition.Arg2-as-negCond,Expansion.Disjunction,Expansion.Manner.Arg1-as-manner,Contingency.Negative-condition.Arg1-as-negCond,Comparison.Concession.Arg2-as-denier,Temporal.Synchronous,Contingency.Purpose.Arg2-as-goal,Expansion.Exception.Arg1-as-except,Expansion.Level-of-detail.Arg2-as-detail,Expansion.Substitution.Arg1-as-subst,Contingency.Condition.Arg1-as-cond,Expansion.Instantiation.Arg2-as-instance,Contingency.Condition.Arg2-as-cond,Expansion.Equivalence,Expansion.Manner.Arg2-as-manner
0,miniklexi_0,0.0,1,0,0,0,5,1,2,1,0,0,0,1,0,0,0,1,0,0,0,0,0,0,0,3,0
1,miniklexi_1,0.0,0,0,0,0,2,0,0,0,0,0,0,0,0,0,0,0,0,0,0,0,0,0,0,1,0
2,miniklexi_2,0.0,2,0,0,0,2,0,0,0,0,0,0,1,0,0,0,0,0,0,0,0,0,0,0,1,0
3,miniklexi_3,0.0,0,0,1,0,4,0,0,6,0,0,0,2,0,0,0,2,0,0,0,0,0,0,0,1,0
4,miniklexi_4,0.0,0,0,2,0,2,0,2,0,0,0,0,0,0,0,0,0,0,0,0,0,0,0,0,1,0
5,miniklexi_5,0.0,0,0,1,0,5,0,1,1,0,0,0,1,0,0,0,1,1,0,0,0,0,0,0,1,0
6,miniklexi_6,0.0,0,0,2,0,1,0,1,0,0,0,0,3,0,0,0,0,1,0,0,0,0,0,0,0,0
7,miniklexi_7,0.0,0,0,0,0,0,0,0,0,0,0,0,3,0,0,0,0,0,0,0,0,0,0,0,0,0
8,miniklexi_8,0.0,0,0,0,0,4,0,0,1,0,0,0,0,0,0,0,2,0,0,0,0,0,1,0,2,0
9,miniklexi_9,0.0,1,0,0,0,0,0,0,0,0,0,0,0,0,0,0,1,0,0,0,0,0,0,0,1,0
10,miniklexi_10,0.0,0,0,0,0,7,0,0,1,0,0,0,1,0,0,0,1,0,0,0,0,0,0,0,1,0
11,miniklexi_11,0.0,0,0,3,0,4,1,2,1,0,0,0,0,0,0,1,0,0,0,0,0,0,0,0,1,0
12,miniklexi_12,0.0,3,0,1,0,4,0,1,4,0,0,0,1,0,0,0,0,0,0,0,0,0,0,0,4,0
13,miniklexi_13,0.0,0,0,0,1,5,0,0,2,0,0,0,2,0,0,0,1,0,0,0,0,0,0,0,0,0
14,miniklexi_14,0.0,0,0,0,0,1,0,0,1,0,0,0,1,0,0,0,1,0,0,0,0,0,0,0,0,0
15,miniklexi_15,0.0,0,0,0,0,3,1,1,2,0,0,0,0,0,0,0,2,2,0,0,0,0,0,0,0,0
16,miniklexi_16,0.0,0,0,0,0,3,0,1,2,0,0,0,1,0,0,0,1,1,0,0,0,0,0,1,0,0
17,miniklexi_17,0.0,0,0,2,0,3,1,0,1,0,0,0,1,0,0,0,0,0,0,0,0,0,0,1,1,0
18,miniklexi_18,0.0,1,0,3,0,4,0,2,0,0,0,0,0,0,0,0,0,1,0,0,0,0,0,0,1,0
19,miniklexi_19,0.0,2,0,3,0,5,0,3,0,0,0,0,0,0,0,0,0,0,0,0,0,0,0,0,1,0
20,miniklexi_20,0.0,1,0,2,0,5,0,4,1,0,0,0,0,0,1,0,0,0,0,0,0,0,0,0,0,0
21,miniklexi_21,0.0,0,2,0,0,5,0,1,1,0,0,0,2,0,0,0,1,1,0,0,0,0,0,0,0,0
22,miniklexi_22,0.0,0,0,0,0,6,0,1,1,0,0,0,2,0,0,0,0,3,0,0,0,0,1,1,0,0
23,miniklexi_23,0.0,2,0,2,0,4,0,4,4,0,0,0,0,0,0,0,1,0,0,0,0,0,0,0,0,0
24,miniklexi_24,0.0,0,0,0,0,3,0,1,0,0,0,0,0,0,0,0,0,0,0,0,0,0,0,0,0,0
25,miniklexi_25,0.0,0,0,1,1,8,0,0,0,0,0,0,0,0,0,0,1,0,0,0,0,0,0,0,1,0
26,miniklexi_26,0.0,2,0,1,0,6,0,1,0,0,0,0,0,0,0,0,0,1,0,0,0,0,0,0,0,0
27,miniklexi_27,0.0,3,0,2,0,8,0,0,1,0,0,0,0,0,0,0,0,0,0,0,0,0,0,2,0,0
28,miniklexi_28,0.0,1,0,1,0,7,0,4,1,0,0,0,0,0,0,0,0,1,0,0,0,0,0,1,1,0
29,miniklexi_29,0.0,0,0,0,0,8,0,1,0,0,0,0,1,0,0,0,1,0,0,0,0,0,0,0,1,0
30,miniklexi_30,0.0,1,0,1,0,6,0,2,0,0,0,0,2,0,0,0,0,0,0,0,0,0,0,0,2,0
31,miniklexi_31,0.0,1,0,0,0,6,0,2,1,0,0,0,1,0,0,0,1,1,0,0,0,0,0,0,1,0
32,miniklexi_32,0.0,0,0,3,0,4,0,1,2,0,0,0,0,0,0,0,1,1,0,0,0,0,0,0,0,0
33,miniklexi_33,0.0,0,0,0,0,2,0,0,0,0,0,0,3,0,0,0,1,0,0,0,0,0,0,0,0,0
34,miniklexi_34,0.0,0,0,2,0,4,0,1,1,0,0,0,2,0,0,0,1,0,0,0,0,0,0,1,2,0
35,miniklexi_35,0.0,2,0,0,1,4,0,0,0,0,0,0,1,0,0,0,0,0,0,0,0,0,0,0,0,0
36,miniklexi_36,0.0,1,0,1,0,5,0,3,0,0,0,0,0,0,0,0,2,1,0,0,0,0,0,0,0,0
37,miniklexi_37,0.0,0,0,0,0,2,0,0,2,0,0,0,0,0,0,0,1,0,0,0,0,0,0,0,4,0
38,miniklexi_38,0.0,1,0,0,0,4,0,2,0,0,0,0,0,0,0,0,0,0,0,0,0,0,0,0,3,0
39,miniklexi_39,0.0,0,0,2,1,4,0,1,1,0,0,0,3,0,0,0,2,2,0,0,0,0,0,2,4,0
40,miniklexi_40,0.0,0,0,0,0,5,1,5,0,0,0,0,1,0,0,0,0,0,0,0,0,0,0,0,0,0
41,miniklexi_41,0.0,0,0,1,0,2,0,0,1,0,0,0,0,0,0,0,0,0,0,0,0,0,0,0,1,0
42,miniklexi_42,0.0,0,0,1,0,5,0,1,0,0,0,0,0,0,0,0,0,1,0,0,0,0,1,0,0,0
43,miniklexi_43,0.0,0,0,4,1,3,0,2,1,0,0,0,0,0,0,0,1,2,0,0,0,0,1,2,2,0
44,miniklexi_44,0.0,0,0,1,0,1,0,0,3,0,0,0,0,0,0,0,1,0,0,0,0,0,0,1,0,0
45,miniklexi_45,0.0,0,0,1,0,5,0,1,0,0,1,0,1,0,0,0,1,1,0,0,0,0,0,0,0,0
46,miniklexi_46,0.0,0,0,1,0,4,0,2,1,0,0,0,4,0,0,0,1,0,0,0,0,0,0,0,0,0
47,miniklexi_47,0.0,0,0,1,0,5,0,1,0,0,0,0,0,0,0,0,1,1,0,0,0,0,0,0,1,0
48,miniklexi_48,0.0,2,0,2,0,9,0,0,3,0,0,0,1,0,0,0,0,0,0,0,0,0,0,0,1,0
49,miniklexi_49,0.0,2,0,1,0,5,0,2,1,0,0,0,4,0,0,0,0,3,0,0,0,0,0,0,0,0
50,miniklexi_50,0.0,0,0,0,0,5,0,1,0,0,0,0,0,0,0,0,1,2,0,0,0,0,0,0,2,0
51,miniklexi_51,0.0,2,0,1,0,5,0,0,0,0,0,0,0,0,0,0,0,0,0,0,0,0,0,0,0,0
52,miniklexi_52,0.0,1,0,1,0,7,0,2,0,0,0,0,1,0,0,0,1,0,0,0,0,0,1,0,0,0
53,miniklexi_53,0.0,0,0,1,0,1,0,2,1,0,0,0,3,0,0,0,2,1,0,0,0,0,0,0,1,0
54,miniklexi_54,0.0,0,0,1,1,5,0,1,1,0,0,0,3,0,0,0,0,1,0,0,0,0,1,0,3,0
55,miniklexi_55,0.0,1,0,2,0,7,0,0,3,0,0,0,1,0,0,0,1,0,0,0,0,0,1,0,0,0
56,miniklexi_56,0.0,0,0,1,0,5,0,5,0,0,0,0,0,0,0,0,0,0,0,0,0,0,0,0,0,0
57,miniklexi_57,0.0,1,0,0,0,5,0,0,0,0,0,0,1,0,0,0,0,0,0,0,0,0,0,0,0,0
58,miniklexi_58,0.0,0,0,1,0,1,0,2,0,0,0,0,1,0,0,1,0,1,0,0,0,0,0,0,0,0
59,miniklexi_59,0.0,1,0,0,0,4,0,0,1,0,0,0,0,0,0,0,1,1,0,0,0,0,0,0,2,0
60,miniklexi_60,0.0,1,0,1,0,3,0,0,0,0,0,0,2,0,0,0,0,0,0,0,0,0,1,0,1,0
61,miniklexi_61,0.0,1,0,2,0,3,0,2,1,0,0,0,2,0,0,0,1,0,0,0,0,0,0,0,0,0
62,miniklexi_62,0.0,0,0,1,0,3,0,3,2,0,0,0,1,0,0,0,2,1,0,0,0,0,0,0,3,0
63,miniklexi_63,0.0,0,0,1,0,5,0,3,1,0,0,0,1,0,1,0,3,1,0,0,0,0,0,0,3,0
64,miniklexi_64,0.0,3,0,0,0,3,0,0,1,0,0,0,1,0,0,0,1,0,0,0,0,0,0,1,0,0
65,miniklexi_65,0.0,5,0,0,0,6,1,0,1,0,0,0,1,0,0,0,1,1,0,0,0,0,0,0,0,0
66,miniklexi_66,0.0,0,0,0,0,4,0,1,0,0,0,0,0,0,0,0,3,0,0,0,0,0,0,0,0,0
67,miniklexi_67,0.0,1,0,0,0,6,0,4,1,0,0,0,0,0,0,0,1,0,0,0,0,0,0,0,0,0
68,miniklexi_68,0.0,0,0,2,0,8,0,1,0,0,0,0,1,0,0,0,0,1,0,0,0,0,0,0,2,0
69,miniklexi_69,0.0,2,0,2,0,5,1,2,2,0,0,0,0,0,0,0,1,1,0,0,0,0,0,0,0,0
70,miniklexi_70,0.0,2,0,2,0,3,0,1,2,0,0,0,1,0,0,0,2,2,0,0,0,0,0,0,0,0
71,miniklexi_71,0.0,0,0,2,0,3,0,2,0,0,0,0,2,0,0,0,2,3,0,0,0,0,0,0,0,0
72,miniklexi_72,0.0,1,0,0,0,2,0,1,0,0,0,0,0,0,0,0,1,1,0,0,0,0,1,0,2,0
73,miniklexi_73,0.0,0,0,3,1,1,1,2,1,0,0,0,0,0,0,0,1,0,0,0,0,0,0,0,1,0
74,miniklexi_74,0.0,0,0,0,0,2,0,1,0,0,0,0,0,0,0,0,0,1,0,0,0,0,0,0,0,0
75,miniklexi_75,0.0,2,1,1,0,2,0,2,0,0,0,1,4,0,0,0,8,1,0,0,0,0,0,4,0,0
76,miniklexi_76,0.0,0,0,3,0,13,0,5,1,0,0,0,1,0,0,1,3,2,0,0,0,0,0,1,2,0
77,miniklexi_77,0.0,0,0,1,0,7,2,1,1,0,0,0,0,0,0,0,1,0,0,0,0,0,0,1,0,0
78,miniklexi_78,0.0,0,0,1,0,4,1,1,2,0,0,0,1,0,0,0,2,3,0,0,0,0,0,0,1,0
79,miniklexi_79,0.0,1,0,0,0,4,1,1,1,0,0,0,1,0,0,0,1,1,0,0,0,0,0,0,1,0
80,miniklexi_80,0.0,0,0,1,1,3,0,3,0,0,0,0,1,0,0,1,1,2,0,0,0,0,0,0,0,0
81,miniklexi_81,0.0,0,1,1,0,9,1,3,1,0,0,0,0,0,0,0,1,1,0,0,0,0,0,0,0,0
82,miniklexi_82,0.0,0,0,0,0,7,1,0,2,0,0,0,3,0,0,0,0,0,0,0,0,0,0,0,0,0
83,miniklexi_83,0.0,0,0,0,0,3,0,0,3,0,0,0,2,0,0,0,0,0,0,0,0,0,0,2,1,0
84,miniklexi_84,0.0,0,0,2,0,4,2,2,1,0,0,0,2,0,0,0,2,0,0,0,0,0,0,0,1,0
85,miniklexi_85,0.0,1,0,0,0,7,1,0,1,0,0,0,0,0,0,0,1,0,0,0,0,0,0,1,0,0
86,miniklexi_86,0.0,0,0,0,0,7,0,1,0,0,0,0,0,0,0,0,0,1,0,0,0,0,0,0,1,0
87,miniklexi_87,0.0,1,0,1,0,12,0,0,2,0,0,0,2,0,0,0,0,3,0,0,0,0,0,0,0,0
88,miniklexi_88,0.0,1,0,0,0,4,1,1,2,0,0,0,2,0,0,0,2,1,0,0,0,0,0,0,0,0
89,miniklexi_89,0.0,0,0,2,0,6,1,1,0,0,0,0,2,0,0,0,3,0,0,0,0,0,0,1,3,0
90,miniklexi_90,0.0,1,0,1,0,5,1,1,1,0,0,0,1,0,0,0,2,0,0,0,0,0,0,0,0,0
91,miniklexi_91,0.0,0,0,1,0,2,0,2,0,0,0,0,1,0,0,0,2,1,0,0,0,0,0,0,1,0
92,miniklexi_92,0.0,0,0,0,0,5,0,0,1,0,0,0,2,0,0,0,0,0,0,0,0,0,1,0,2,0
93,miniklexi_93,0.0,0,0,1,0,2,0,2,1,0,0,0,0,0,0,0,2,0,0,0,0,0,0,0,0,0
94,miniklexi_94,0.0,0,0,0,0,2,1,5,0,0,0,0,1,0,0,0,0,0,0,0,0,0,0,0,1,0
95,miniklexi_95,0.0,1,0,0,0,5,0,1,2,0,0,0,1,0,0,0,5,1,0,0,0,0,1,1,1,0
96,miniklexi_96,0.0,0,0,1,0,1,0,1,0,0,0,0,1,0,0,0,1,0,0,0,0,0,0,3,1,0
97,miniklexi_97,0.0,1,0,1,0,3,0,0,0,0,0,0,0,0,0,0,0,0,0,0,0,0,1,0,0,0
98,miniklexi_98,0.0,1,1,0,0,12,1,5,0,0,1,0,0,0,0,0,0,0,0,0,0,0,0,0,0,0
99,miniklexi_99,0.0,0,0,1,0,4,0,3,2,0,0,0,3,0,0,0,0,1,0,0,0,0,0,0,1,0
100,miniklexi_100,0.0,0,0,0,0,3,0,1,0,0,0,0,2,0,0,0,1,1,0,0,0,0,0,0,0,0
101,miniklexi_101,0.0,0,0,0,0,2,0,3,0,0,0,1,3,0,0,0,0,0,0,0,0,0,0,0,2,0
102,miniklexi_102,0.0,1,0,2,0,2,1,2,1,0,0,0,0,0,0,0,0,0,0,0,0,0,0,0,1,0
103,miniklexi_103,0.0,0,0,1,0,5,0,7,7,0,0,0,2,0,0,0,1,0,0,0,0,0,0,0,2,0
104,miniklexi_104,0.0,0,0,0,0,5,0,0,1,0,0,0,2,0,0,0,1,0,0,0,0,0,0,0,2,0
105,miniklexi_105,0.0,0,0,1,0,2,1,0,3,0,0,0,0,0,0,0,0,1,0,0,0,0,0,0,0,0
106,miniklexi_106,0.0,0,0,0,0,3,0,1,1,0,0,0,0,0,0,0,0,0,0,0,0,0,0,0,1,0
107,miniklexi_107,0.0,0,0,1,0,4,0,0,4,0,0,0,1,0,0,0,0,0,0,0,0,0,0,0,0,0
108,miniklexi_108,0.0,0,0,1,0,11,0,3,2,0,0,0,1,0,0,0,0,0,0,0,0,0,0,0,2,0
109,miniklexi_109,0.0,1,0,0,0,3,0,2,0,0,1,0,0,0,0,0,2,2,0,0,0,0,0,0,0,0
110,miniklexi_110,0.0,0,0,3,0,2,0,0,0,0,0,0,0,0,0,0,0,0,0,0,0,0,0,1,3,0
111,miniklexi_111,0.0,0,0,0,0,5,0,0,1,0,0,0,0,0,0,0,0,0,0,0,0,0,0,0,0,0
112,miniklexi_112,0.0,0,0,1,0,4,0,0,3,0,0,0,1,0,0,0,0,0,0,0,0,0,1,0,1,0
113,miniklexi_113,0.0,0,0,0,0,3,0,0,1,0,0,0,0,0,0,0,0,0,0,0,0,0,0,0,2,0
114,miniklexi_114,0.0,0,0,0,0,2,0,0,0,0,0,0,1,0,0,0,0,0,0,0,0,0,0,0,2,0
115,miniklexi_115,0.0,0,0,0,0,5,0,5,3,0,1,0,1,0,0,0,2,0,0,0,0,0,0,0,2,0
116,miniklexi_116,0.0,0,0,0,1,2,0,1,0,0,0,0,2,0,0,0,0,0,0,0,0,0,0,0,0,0
117,miniklexi_117,0.0,0,0,1,0,8,0,5,6,0,0,0,0,0,0,0,1,1,0,0,0,0,0,0,3,0
118,miniklexi_118,0.0,1,0,1,0,3,0,2,3,0,0,0,1,0,0,0,0,0,0,0,0,0,1,0,1,0
119,miniklexi_119,0.0,0,0,1,1,4,0,1,0,0,0,0,1,0,0,1,1,2,0,0,0,0,0,1,4,0
120,miniklexi_120,0.0,1,0,0,0,3,0,1,0,0,0,0,1,0,0,0,0,3,0,0,0,0,0,1,0,0
121,miniklexi_121,0.0,0,0,1,0,6,0,0,0,0,0,0,0,0,0,0,1,1,0,0,0,0,0,0,1,0
122,miniklexi_122,0.0,0,0,1,0,3,0,1,0,0,0,0,1,0,0,0,1,1,0,0,0,0,0,0,0,0
123,miniklexi_123,0.0,0,0,1,0,5,0,0,0,0,0,0,1,0,0,0,1,1,0,0,0,0,0,1,1,0
124,miniklexi_124,0.0,1,0,1,0,7,0,1,3,0,0,0,0,0,0,0,0,0,0,0,0,0,0,0,1,0
125,miniklexi_125,0.0,0,0,1,0,7,0,3,1,0,0,0,0,0,0,0,1,1,0,0,0,0,0,0,2,0
126,miniklexi_126,0.0,3,0,0,0,6,0,1,2,0,0,0,2,0,0,0,0,0,0,0,0,0,0,4,1,0
127,miniklexi_127,0.0,0,0,2,0,5,0,0,1,0,0,0,5,0,0,0,0,1,0,0,0,0,0,0,0,0
128,miniklexi_128,0.0,1,0,2,0,5,0,0,3,0,0,0,0,0,0,0,3,2,0,0,0,0,1,1,0,0
129,miniklexi_129,0.0,0,0,0,0,9,0,4,1,0,0,0,2,0,0,0,1,1,0,0,0,0,0,0,2,0
130,miniklexi_130,0.0,1,0,0,0,1,0,1,1,0,0,0,1,0,0,0,0,2,0,0,0,0,0,2,3,0
131,miniklexi_131,0.0,2,0,0,0,4,1,0,0,0,0,0,2,0,0,0,1,1,0,0,0,0,0,0,1,0
132,miniklexi_132,0.0,1,0,0,0,1,0,1,0,0,0,0,0,0,1,0,1,2,0,0,0,0,0,0,0,0
133,miniklexi_133,0.0,0,0,0,0,6,0,3,4,0,0,0,4,0,0,0,0,1,0,0,0,0,1,0,0,0
134,miniklexi_134,0.0,1,0,2,0,6,0,0,1,0,0,0,0,0,0,0,0,0,0,0,0,0,1,1,1,0
135,miniklexi_135,0.0,1,0,0,0,6,0,0,0,0,0,0,0,0,0,0,1,0,0,0,0,0,0,0,2,0
136,miniklexi_136,0.0,0,0,0,0,4,1,4,4,0,1,0,1,0,0,0,4,0,0,0,0,0,0,0,1,0
137,miniklexi_137,0.0,0,0,0,0,7,0,0,5,0,0,0,0,0,0,0,0,0,0,0,0,0,0,0,0,0
138,miniklexi_138,0.0,0,0,0,1,1,1,1,0,0,0,0,1,0,0,0,0,0,0,0,0,0,0,0,0,0
139,miniklexi_139,0.0,0,0,2,0,7,0,3,0,0,0,0,2,0,0,0,3,0,0,0,0,0,0,0,1,0
140,miniklexi_140,0.0,1,0,2,0,5,0,2,0,0,0,0,0,0,0,0,1,1,0,0,0,0,0,0,1,0
141,miniklexi_141,0.0,1,0,0,0,3,0,1,0,0,0,0,2,0,0,0,0,0,0,0,0,0,1,0,1,0
142,miniklexi_142,0.0,0,0,1,0,7,0,1,0,0,0,0,1,0,0,0,0,0,0,0,0,0,0,0,0,0
143,miniklexi_143,0.0,0,0,0,0,2,0,0,1,0,0,0,2,0,0,0,1,0,0,0,0,0,0,0,0,0
144,miniklexi_144,0.0,1,0,2,1,4,0,0,0,0,0,0,0,0,0,0,0,0,0,0,0,0,0,0,0,0
145,miniklexi_145,0.0,1,1,2,0,4,0,2,0,0,0,0,1,0,0,0,4,0,0,0,0,0,0,0,1,0
146,miniklexi_146,0.0,0,0,0,0,4,0,2,2,0,0,0,0,0,0,0,1,0,0,0,0,0,0,0,1,0
147,miniklexi_147,0.0,1,0,2,0,5,0,1,3,0,0,0,0,0,0,0,1,1,0,0,0,0,0,0,1,0
148,miniklexi_148,0.0,1,0,1,0,3,0,0,3,0,0,0,0,0,0,0,2,2,0,0,0,0,0,0,0,0
149,miniklexi_149,0.0,0,1,2,0,1,0,0,3,0,0,0,0,0,0,0,1,0,0,0,0,0,0,1,0,0
150,miniklexi_150,0.0,0,0,0,0,3,0,0,0,0,0,0,0,0,0,0,1,0,0,0,0,0,1,0,0,0
151,miniklexi_151,0.0,1,0,0,0,4,0,1,0,0,0,0,1,0,0,1,0,0,0,0,0,0,0,0,3,0
152,miniklexi_152,0.0,0,0,0,1,3,1,0,0,0,0,0,0,0,0,0,2,0,0,0,0,0,0,0,0,0
153,miniklexi_153,0.0,1,0,1,0,2,0,0,1,0,0,0,0,0,0,0,3,1,0,0,0,0,0,0,1,0
154,miniklexi_154,0.0,0,0,0,0,4,0,0,0,0,0,0,2,0,0,0,0,2,0,0,0,0,0,0,1,0
155,miniklexi_155,0.0,0,0,0,0,4,0,1,0,0,0,0,1,0,0,0,0,2,0,0,0,0,0,0,1,0
156,miniklexi_156,0.0,0,0,1,0,5,0,0,0,0,0,0,2,0,0,0,0,1,0,0,0,0,0,0,1,0
157,miniklexi_157,0.0,0,0,1,0,14,0,2,1,0,0,0,1,0,0,0,2,1,0,0,0,0,0,0,0,0
158,miniklexi_158,0.0,2,1,0,0,3,0,2,1,0,0,0,1,0,0,0,0,1,0,0,0,0,0,0,0,0
159,miniklexi_159,0.0,0,0,0,0,2,0,1,2,0,0,0,1,0,0,0,1,2,0,0,1,0,0,0,1,0
160,miniklexi_160,0.0,1,0,1,0,2,2,2,2,0,0,0,0,0,0,1,1,0,0,0,0,0,0,0,0,0
161,miniklexi_161,0.0,1,0,0,0,7,0,0,1,0,0,0,4,0,0,0,3,2,0,0,0,0,0,2,1,0
162,miniklexi_162,0.0,0,0,1,0,2,1,1,0,0,0,0,2,0,0,0,0,1,0,0,0,0,0,1,0,0
163,miniklexi_163,0.0,1,0,1,0,3,0,0,0,0,0,0,0,0,0,0,0,2,0,0,0,0,1,0,1,0
164,miniklexi_164,0.0,0,0,0,0,2,0,2,0,0,1,0,1,0,0,1,2,1,0,0,0,0,0,0,1,0
165,miniklexi_165,0.0,2,1,2,0,7,0,4,1,0,0,0,1,0,0,0,1,1,0,0,0,0,0,0,0,0
166,miniklexi_166,0.0,0,0,1,0,2,0,2,2,0,0,0,0,0,0,0,0,1,0,0,0,0,0,0,0,0
167,miniklexi_167,0.0,1,0,0,0,4,1,0,0,0,0,0,1,0,0,0,1,0,0,0,0,0,0,0,1,0
168,miniklexi_168,0.0,2,0,0,0,3,0,0,0,0,0,0,0,0,0,0,1,1,0,0,0,0,0,0,1,0
169,miniklexi_169,0.0,0,0,1,0,7,0,4,0,0,0,0,0,0,1,0,2,1,0,0,0,0,0,0,2,0
170,miniklexi_170,0.0,0,0,2,1,4,0,0,0,0,0,0,3,0,0,0,0,0,0,0,0,0,0,0,1,0
171,miniklexi_171,0.0,1,0,0,0,4,0,1,0,0,0,0,1,0,0,0,0,1,0,0,0,0,1,0,0,0
172,miniklexi_172,0.0,1,0,1,0,6,0,1,2,0,0,0,0,0,0,0,1,2,0,0,0,0,0,1,2,0
173,miniklexi_173,0.0,0,1,0,0,5,0,0,0,0,0,0,1,0,1,0,0,0,0,0,0,0,0,0,0,0
174,miniklexi_174,0.0,0,0,1,0,5,0,2,0,0,0,0,1,0,0,0,2,1,0,0,0,0,0,1,0,0
175,miniklexi_175,0.0,0,0,2,0,10,0,0,2,0,0,0,3,0,0,0,1,1,0,0,0,0,0,0,2,0
176,miniklexi_176,0.0,0,0,1,0,6,0,0,1,0,0,0,0,0,0,0,0,0,0,0,0,0,0,0,1,0
177,miniklexi_177,0.0,0,0,1,0,5,0,0,0,0,0,0,1,0,0,0,1,0,0,0,0,0,0,0,1,0
178,miniklexi_178,0.0,0,0,1,0,8,0,2,0,0,0,0,1,0,0,1,0,0,0,0,0,0,2,0,1,0
179,miniklexi_179,0.0,0,0,1,0,3,0,0,0,0,0,0,0,0,0,0,0,1,0,0,0,0,0,0,1,0
180,miniklexi_180,0.0,0,0,1,0,8,0,3,4,0,0,0,1,0,0,0,1,0,0,0,0,0,0,0,0,0
181,miniklexi_181,0.0,0,0,0,0,5,0,0,1,0,0,0,3,0,0,1,1,2,0,0,0,0,0,1,0,0
182,miniklexi_182,0.0,0,0,1,0,6,1,2,2,0,0,0,2,0,0,0,0,1,0,0,0,0,0,0,2,0
183,miniklexi_183,0.0,1,0,1,1,1,0,0,0,0,0,0,1,0,0,0,0,0,0,0,0,0,1,0,0,0
184,miniklexi_184,0.0,0,0,1,0,5,0,2,4,0,0,0,2,0,0,0,3,0,0,0,0,0,0,0,1,0
185,miniklexi_185,0.0,2,1,1,1,4,0,2,0,0,0,0,1,0,0,0,3,0,0,0,0,0,0,0,0,0
186,miniklexi_186,0.0,1,0,0,0,1,0,0,1,0,0,0,0,0,0,0,2,0,0,0,0,0,0,1,0,0
187,miniklexi_187,0.0,1,0,2,0,6,0,2,1,0,0,0,1,0,0,0,3,0,0,0,0,0,0,1,1,0
188,miniklexi_188,0.0,0,0,0,0,1,1,0,0,0,0,0,0,0,0,0,0,0,0,0,0,0,0,0,0,0
189,miniklexi_189,0.0,1,0,0,0,5,0,0,1,0,0,0,0,0,0,0,1,0,0,0,0,0,0,0,2,0
190,miniklexi_190,0.0,0,0,1,0,1,0,0,1,0,0,0,0,0,0,0,0,1,0,0,0,0,0,0,0,0
191,miniklexi_191,0.0,3,0,0,0,4,0,1,2,0,0,0,1,0,0,0,2,1,0,0,0,0,0,0,0,0
192,miniklexi_192,0.0,1,1,0,2,4,0,3,2,0,0,0,0,0,0,0,1,0,0,0,0,0,1,0,1,0
193,miniklexi_193,0.0,0,0,0,1,6,0,3,0,0,0,0,1,0,0,0,1,0,1,0,0,0,0,0,0,0
194,miniklexi_194,0.0,0,0,1,0,2,0,1,0,0,0,0,3,0,0,0,0,3,0,0,0,0,0,0,0,0
195,miniklexi_195,0.0,0,0,1,0,7,0,1,0,0,0,0,1,0,0,0,4,0,0,0,0,0,0,0,1,0
196,miniklexi_196,0.0,1,0,1,0,2,1,5,2,0,0,0,1,0,0,0,1,1,0,0,0,0,0,0,0,0
197,miniklexi_197,0.0,1,0,0,0,2,0,1,1,0,0,0,0,0,0,0,2,1,0,0,0,0,0,0,0,0
198,miniklexi_198,0.0,1,1,0,0,3,0,1,0,0,0,0,0,0,0,0,1,3,0,0,0,0,0,0,0,0
199,miniklexi_199,0.0,1,0,1,0,2,0,0,0,0,0,0,0,0,0,0,0,0,0,0,0,0,0,0,1,0
200,miniklexi_200,0.0,1,0,0,0,5,0,0,1,0,0,0,1,0,0,0,1,0,0,0,0,0,0,0,0,0
201,miniklexi_201,0.0,0,0,0,0,6,1,3,0,0,0,0,1,0,0,0,0,0,0,0,0,0,1,0,0,0
202,miniklexi_202,0.0,0,0,1,0,3,0,0,1,0,0,0,2,0,0,0,0,0,0,0,0,0,0,0,0,0
203,miniklexi_203,0.0,1,0,0,0,4,0,2,0,0,0,0,2,0,0,0,1,1,0,0,0,0,0,0,0,0
204,miniklexi_204,0.0,0,0,0,1,12,0,2,5,0,0,0,2,0,0,0,0,0,0,0,0,0,0,0,0,0
205,miniklexi_205,0.0,3,1,0,0,6,1,1,1,0,0,0,0,0,0,0,3,0,0,0,0,0,1,1,0,0
206,miniklexi_206,0.0,1,0,2,0,7,0,2,0,0,0,0,0,0,0,0,0,0,0,0,0,0,0,0,3,0
207,miniklexi_207,0.0,0,0,0,1,9,0,2,3,0,0,0,4,0,0,0,0,1,0,0,0,0,0,0,0,0
208,miniklexi_208,0.0,0,0,3,1,13,0,2,0,0,0,0,1,0,0,0,0,2,0,0,0,0,0,2,0,0
209,miniklexi_209,0.0,0,0,2,0,4,0,0,0,0,0,0,2,0,0,0,0,0,0,0,0,0,0,0,1,0
210,miniklexi_210,0.0,0,0,0,1,4,1,0,1,0,0,0,0,0,0,0,0,1,0,0,0,0,0,0,0,0
211,miniklexi_211,0.0,0,0,2,0,4,0,1,2,0,0,0,0,0,0,0,2,1,0,0,0,0,0,0,2,0
212,miniklexi_212,0.0,0,0,1,0,0,0,0,1,0,0,0,0,0,0,0,3,1,0,0,0,0,0,0,0,0
213,miniklexi_213,0.0,0,0,1,1,5,0,3,1,0,0,0,0,0,0,0,2,1,0,0,0,0,0,0,1,0
214,miniklexi_214,0.0,0,0,0,0,3,0,2,1,1,1,0,0,0,0,0,0,0,0,0,0,0,1,0,0,0
215,miniklexi_215,0.0,0,0,0,0,1,0,0,0,0,0,0,1,0,0,0,0,0,0,0,0,0,0,0,0,0
216,miniklexi_216,0.0,0,0,1,0,1,0,0,0,0,0,0,1,0,0,0,0,3,0,0,0,0,2,1,0,0
217,miniklexi_217,0.0,1,0,0,0,3,0,0,1,0,0,0,1,0,0,0,2,0,0,0,0,0,0,0,0,0
218,miniklexi_218,0.0,0,1,1,0,1,0,3,0,0,0,0,0,0,0,0,1,0,0,0,0,0,0,1,0,0
219,miniklexi_219,0.0,1,0,0,0,5,0,1,0,0,0,0,0,0,0,0,0,0,0,0,0,0,0,0,1,0
220,miniklexi_220,0.0,2,0,1,0,5,0,1,0,0,0,0,2,0,0,0,0,1,0,0,0,0,0,0,0,0
221,miniklexi_221,0.0,0,0,0,0,4,0,2,0,0,0,0,2,0,0,0,1,1,0,0,0,0,0,0,0,0
222,miniklexi_222,0.0,0,0,3,0,4,0,1,0,0,0,0,0,0,0,0,2,0,0,0,0,0,0,0,1,0
223,miniklexi_223,0.0,0,0,0,0,2,0,4,0,0,0,0,2,0,0,0,1,1,0,0,0,0,0,0,1,0
224,miniklexi_224,0.0,1,0,0,0,2,0,1,0,0,0,0,0,0,0,0,0,0,0,0,0,0,0,0,1,0
225,miniklexi_225,0.0,0,0,1,0,2,0,1,0,0,0,0,0,0,0,0,1,0,0,0,0,0,0,0,0,0
226,miniklexi_226,0.0,0,0,0,0,5,0,0,0,0,0,0,1,0,0,0,1,0,0,0,0,0,1,0,1,0
227,miniklexi_227,0.0,2,0,3,0,6,0,1,1,0,0,0,0,0,0,0,0,0,0,0,0,0,0,0,1,0
228,miniklexi_228,0.0,0,0,1,0,6,0,1,0,0,0,0,1,0,0,0,0,0,0,0,0,0,0,0,0,0
229,miniklexi_229,0.0,0,0,0,0,1,0,1,0,0,0,0,1,0,0,0,1,0,0,0,0,0,0,0,2,0
230,miniklexi_230,0.0,1,0,0,0,2,0,1,4,0,0,0,0,0,0,0,0,0,0,0,0,0,0,0,0,0
231,miniklexi_231,0.0,0,0,1,0,2,0,0,1,0,0,0,0,0,0,0,0,3,0,0,0,0,0,0,0,0
232,miniklexi_232,0.0,1,0,0,0,3,0,3,1,0,0,0,1,0,0,0,0,2,0,0,0,0,0,1,0,0
233,miniklexi_233,0.0,1,0,1,0,2,0,0,3,0,0,0,0,0,0,0,0,1,0,0,0,0,0,0,0,0
234,miniklexi_234,0.0,1,0,0,0,6,0,0,1,0,0,0,1,0,0,0,1,0,0,0,0,0,0,1,3,0
235,miniklexi_235,0.0,1,0,0,0,7,0,2,0,0,0,0,2,0,0,0,2,0,0,0,0,0,0,0,0,0
236,miniklexi_236,0.0,0,0,0,0,1,0,0,0,0,0,0,0,0,0,0,1,0,0,0,0,0,0,0,0,0
237,miniklexi_237,0.0,0,0,0,0,4,0,0,1,0,0,0,1,0,0,0,0,0,0,0,0,0,0,2,3,0
238,miniklexi_238,0.0,0,0,0,0,4,1,2,1,0,0,0,0,0,0,0,0,0,0,0,0,0,0,1,0,0
239,miniklexi_239,0.0,0,0,1,0,7,0,1,0,0,0,0,1,0,0,0,1,1,0,0,0,0,0,0,0,0
240,miniklexi_240,0.0,0,0,0,0,7,1,1,2,0,0,0,3,0,0,0,1,0,0,0,0,0,0,0,0,0
241,miniklexi_241,0.0,3,0,3,0,7,0,2,1,0,0,0,1,0,0,0,3,1,0,0,0,0,0,2,0,0
242,miniklexi_242,0.0,1,0,0,0,4,0,0,0,0,0,0,0,0,0,0,0,0,0,0,0,0,0,0,0,0
243,miniklexi_243,0.0,0,0,1,0,6,0,2,2,0,0,0,2,0,0,0,0,0,0,0,0,0,0,0,1,0
244,miniklexi_244,0.0,0,0,1,0,9,0,1,1,0,0,0,1,0,0,0,0,0,0,0,0,0,0,0,0,0
245,miniklexi_245,0.0,1,0,0,0,2,0,0,0,0,0,0,0,0,0,0,2,0,0,0,0,0,1,0,0,0
246,miniklexi_246,0.0,0,0,0,0,7,0,2,0,0,0,0,0,0,0,0,3,0,0,0,0,0,0,0,1,0
247,miniklexi_247,0.0,0,0,2,0,10,0,1,3,0,0,0,0,0,0,0,1,0,0,0,0,0,1,0,0,0
248,miniklexi_248,0.0,0,0,1,0,4,0,0,0,0,0,0,3,0,0,0,0,1,0,0,0,0,0,0,3,0
249,miniklexi_249,0.0,0,0,1,0,2,0,0,0,0,0,0,0,0,0,0,1,0,0,0,0,0,1,0,0,0
250,miniklexi_250,0.0,0,0,0,1,6,0,1,0,0,0,0,0,0,0,1,2,0,0,0,0,0,0,0,0,0
251,miniklexi_251,0.0,0,0,0,0,2,0,1,0,0,0,0,0,0,0,0,0,0,0,0,0,0,0,0,0,0
252,miniklexi_252,0.0,0,0,0,0,3,0,2,1,0,0,0,0,0,0,0,2,0,0,0,0,0,0,0,1,0
253,miniklexi_253,0.0,0,0,0,0,2,0,1,0,0,0,0,0,0,0,0,2,0,0,0,0,0,0,0,0,0
254,miniklexi_254,0.0,3,1,2,0,3,0,3,1,0,0,0,2,0,0,0,0,0,0,0,0,0,0,1,0,0
255,miniklexi_255,0.0,0,0,0,0,5,0,6,0,0,0,0,0,0,0,0,1,0,0,0,0,0,0,0,1,0
256,miniklexi_256,0.0,1,0,2,0,5,0,5,0,0,0,0,1,0,0,0,0,0,0,0,0,0,0,0,1,0
257,miniklexi_257,0.0,1,0,2,0,3,1,0,0,0,0,0,0,0,0,0,1,1,0,0,0,0,0,0,1,0
258,miniklexi_258,0.0,0,0,1,0,5,0,2,1,0,0,0,2,0,0,0,0,0,0,0,0,0,0,0,0,0
259,miniklexi_259,0.0,1,0,1,0,1,0,3,1,0,0,0,0,0,0,0,1,1,0,0,0,0,0,0,2,0
260,miniklexi_260,0.0,0,0,0,0,5,0,0,1,0,0,0,1,0,0,0,1,2,0,0,0,0,1,1,0,0
261,miniklexi_261,0.0,0,0,2,0,8,0,2,0,0,1,0,0,0,0,0,1,0,0,0,0,0,0,1,2,0
262,miniklexi_262,0.0,0,0,0,0,3,0,2,0,0,0,0,1,0,0,0,2,0,0,0,0,0,0,0,0,0
263,miniklexi_263,0.0,0,0,0,0,2,0,1,0,0,1,0,3,0,0,0,2,1,0,0,0,0,1,0,0,1
264,miniklexi_264,0.0,1,0,1,0,6,0,1,4,0,0,0,0,0,0,0,2,1,0,0,0,0,0,0,1,0
265,miniklexi_265,0.0,0,0,2,0,8,0,0,2,0,0,0,0,0,0,0,1,0,0,0,0,0,0,0,1,0
266,miniklexi_266,0.0,0,0,0,0,2,0,3,0,0,0,0,1,0,0,0,0,1,0,0,0,0,0,2,1,0
267,miniklexi_267,0.0,2,0,1,1,9,0,2,1,0,0,0,0,0,0,0,0,1,0,0,0,0,0,0,0,0
268,miniklexi_268,0.0,0,0,0,0,2,1,0,0,0,0,0,0,0,0,0,0,0,0,0,0,0,0,0,2,0
269,miniklexi_269,0.0,1,0,0,0,3,1,2,1,0,0,0,0,0,0,0,0,0,0,0,0,0,0,0,2,0
270,miniklexi_270,0.0,1,0,1,0,1,0,1,1,0,0,0,0,0,0,0,1,0,0,0,0,0,0,0,0,0
271,miniklexi_271,0.0,2,0,1,0,2,0,2,1,0,0,0,3,0,0,0,3,0,0,0,0,0,0,0,0,0
272,miniklexi_272,0.0,2,0,0,0,1,0,2,0,0,1,0,0,0,0,0,0,0,0,0,0,0,1,0,2,0
273,miniklexi_273,0.0,1,0,0,1,3,0,2,1,0,0,0,1,0,0,0,2,0,0,0,0,0,1,0,1,0
274,miniklexi_274,0.0,0,0,1,0,2,0,0,1,0,0,0,0,0,0,0,0,0,0,0,0,0,0,0,0,0
275,miniklexi_275,0.0,0,0,2,0,6,0,0,0,0,0,0,0,0,0,1,0,1,0,0,0,0,2,0,0,0
276,miniklexi_276,0.0,1,0,0,0,3,0,1,0,0,0,0,0,0,0,0,1,0,0,0,0,0,0,0,0,0
277,miniklexi_277,0.0,0,0,0,0,6,0,2,6,0,0,0,1,0,0,0,0,1,0,0,0,0,0,0,0,0
278,miniklexi_278,0.0,2,0,1,0,6,0,4,0,0,0,0,1,0,0,1,1,1,0,0,0,0,0,0,2,0
279,miniklexi_279,0.0,0,0,1,0,2,0,3,0,0,0,0,0,0,0,0,1,1,0,0,0,0,0,0,2,0
280,miniklexi_280,0.0,0,0,2,0,1,0,1,0,0,0,0,3,0,0,0,1,1,0,0,0,0,0,2,0,0
281,miniklexi_281,0.0,0,0,0,0,2,0,1,0,0,0,0,2,0,0,0,1,0,0,0,0,0,0,0,0,0
282,miniklexi_282,0.0,1,0,1,0,3,0,0,0,0,0,0,0,0,0,0,0,1,0,0,0,0,0,0,0,0
283,miniklexi_283,0.0,1,0,0,0,3,0,0,1,0,0,0,2,0,0,0,2,0,0,0,0,0,0,0,0,0
284,miniklexi_284,0.0,0,0,0,1,2,0,1,2,0,0,0,0,0,0,0,0,3,0,0,0,0,0,0,0,0
285,miniklexi_285,0.0,1,1,1,0,6,0,0,0,0,0,0,1,0,0,0,0,0,0,0,0,0,0,1,1,0
286,miniklexi_286,0.0,1,0,3,0,5,1,3,0,0,0,0,0,0,0,0,1,1,0,0,0,0,0,0,0,0
287,miniklexi_287,0.0,1,0,0,0,3,0,1,0,0,0,0,2,0,0,0,1,1,0,0,0,0,0,0,0,0
288,miniklexi_288,0.0,0,0,0,0,3,0,1,1,0,0,0,2,0,0,0,0,1,0,0,0,0,0,0,1,0
289,miniklexi_289,0.0,0,0,0,1,6,0,0,0,0,0,0,1,0,0,0,1,1,0,0,0,0,0,0,1,0
290,miniklexi_290,0.0,0,0,0,0,7,0,2,1,0,0,0,2,0,0,0,0,0,0,0,0,0,0,0,0,2
291,miniklexi_291,0.0,1,0,2,0,0,1,1,1,0,0,0,0,0,0,0,0,0,0,0,0,0,0,0,0,0
292,miniklexi_292,0.0,0,0,1,0,2,0,1,1,0,0,0,0,0,0,0,2,0,0,0,0,0,0,0,1,0
293,miniklexi_293,0.0,0,0,0,0,5,0,0,0,0,0,0,1,0,0,0,0,0,0,0,0,0,0,0,1,0
294,miniklexi_294,0.0,0,0,0,0,2,0,1,0,0,0,0,1,0,0,0,1,0,0,0,0,0,0,0,1,0
295,klexikon_0,0.5,3,0,2,1,12,1,2,4,0,0,0,1,0,1,0,2,0,0,0,0,0,0,4,4,0
296,klexikon_1,0.5,4,0,1,0,11,0,0,4,0,0,0,0,0,0,0,2,0,0,0,0,0,0,0,0,0
297,klexikon_2,0.5,3,1,1,0,15,0,3,1,0,0,0,3,0,0,0,1,1,0,0,0,0,1,3,2,0
298,klexikon_3,0.5,1,0,3,0,15,1,2,3,0,0,0,4,0,0,0,3,3,0,0,0,0,1,0,2,0
299,klexikon_4,0.5,0,0,3,0,17,0,4,3,1,0,0,1,0,0,0,3,0,0,0,0,0,1,1,3,0
300,klexikon_5,0.5,1,0,2,0,10,0,2,1,0,0,0,1,0,0,0,2,3,0,0,0,0,0,0,3,0
301,klexikon_6,0.5,2,0,2,0,6,0,4,0,0,1,0,3,0,0,0,1,4,0,0,0,0,0,1,1,0
302,klexikon_7,0.5,1,1,1,0,3,1,1,1,1,0,0,2,0,0,0,1,3,0,0,0,0,0,0,1,0
303,klexikon_8,0.5,0,0,1,0,8,0,2,2,0,0,0,2,0,0,0,1,2,0,0,0,0,0,1,1,0
304,klexikon_9,0.5,4,0,2,0,9,1,2,2,0,0,0,1,0,0,0,3,4,0,0,0,0,0,1,1,0
305,klexikon_10,0.5,1,0,1,0,12,0,3,5,0,0,1,4,0,0,0,2,1,0,0,0,0,0,1,3,0
306,klexikon_11,0.5,3,0,0,0,8,2,5,2,0,1,0,0,0,0,0,3,1,0,0,0,0,0,0,0,0
307,klexikon_12,0.5,3,0,4,0,13,0,1,3,0,0,0,3,0,1,0,3,2,0,0,0,0,0,1,4,0
308,klexikon_13,0.5,0,1,1,2,18,0,6,5,0,1,0,5,0,0,0,5,1,0,0,0,0,0,2,4,0
309,klexikon_14,0.5,2,0,0,0,6,1,0,0,0,1,0,1,0,0,0,0,0,0,0,0,0,0,0,1,0
310,klexikon_15,0.5,0,0,1,0,6,1,2,7,0,0,0,0,0,0,0,3,2,0,0,0,0,0,0,0,0
311,klexikon_16,0.5,0,1,2,0,3,1,2,3,0,0,0,1,0,0,1,2,3,0,0,0,0,0,4,0,0
312,klexikon_17,0.5,3,0,3,0,7,0,2,3,0,0,0,4,0,0,0,5,3,0,0,0,0,0,2,1,0
313,klexikon_18,0.5,2,0,1,1,10,1,3,1,0,0,0,6,0,0,0,3,5,0,0,0,0,1,0,3,0
314,klexikon_19,0.5,0,0,5,0,9,0,3,1,0,0,0,1,0,0,0,2,2,0,0,0,0,0,0,1,0
315,klexikon_20,0.5,2,1,4,0,17,0,6,0,0,0,0,1,0,0,0,5,3,0,0,0,0,1,0,1,0
316,klexikon_21,0.5,3,1,1,0,12,0,4,1,0,0,0,1,0,0,0,1,0,0,0,0,0,0,0,1,0
317,klexikon_22,0.5,1,0,1,1,12,2,4,1,0,0,0,7,0,0,0,3,3,0,0,0,0,0,4,2,0
318,klexikon_23,0.5,4,0,1,0,13,0,2,5,0,0,0,0,0,0,1,5,1,0,0,0,0,0,0,0,0
319,klexikon_24,0.5,1,1,0,0,10,0,3,1,0,0,0,0,0,1,0,1,0,0,0,0,0,2,1,1,0
320,klexikon_25,0.5,1,0,1,0,22,2,2,3,0,0,0,2,0,0,0,3,4,0,0,0,0,0,0,3,1
321,klexikon_26,0.5,2,0,1,0,11,0,1,0,0,0,0,2,0,0,0,0,2,0,0,0,0,0,0,1,0
322,klexikon_27,0.5,8,0,6,1,18,0,0,1,1,0,0,4,0,0,0,3,1,0,0,0,0,1,4,3,0
323,klexikon_28,0.5,2,0,2,0,4,0,5,0,0,0,0,1,0,0,0,1,1,0,0,0,0,0,1,0,0
324,klexikon_29,0.5,0,0,1,0,15,0,2,2,0,0,0,2,0,0,0,4,0,0,0,0,0,0,1,1,0
325,klexikon_30,0.5,0,0,2,0,12,0,2,0,0,0,0,4,0,0,0,2,1,0,0,0,0,0,0,4,0
326,klexikon_31,0.5,1,1,1,0,8,0,3,0,0,0,0,2,0,0,0,0,1,0,0,0,0,0,0,1,0
327,klexikon_32,0.5,1,0,1,0,9,0,1,1,0,0,0,1,0,0,0,2,0,0,0,0,0,0,2,0,0
328,klexikon_33,0.5,2,1,1,1,9,0,6,2,0,0,0,5,0,0,0,3,0,0,0,0,0,1,2,6,1
329,klexikon_34,0.5,2,1,2,0,10,0,4,2,0,0,0,1,0,0,0,2,0,0,0,0,0,1,0,3,0
330,klexikon_35,0.5,4,0,3,1,26,0,0,2,0,0,0,3,0,0,0,1,0,0,0,0,0,0,0,2,0
331,klexikon_36,0.5,2,0,3,0,6,1,5,2,0,0,0,0,0,0,0,5,4,0,0,0,0,0,3,1,0
332,klexikon_37,0.5,5,1,0,0,10,0,2,9,0,0,1,0,0,0,0,3,2,0,0,0,0,0,2,7,0
333,klexikon_38,0.5,1,0,2,0,15,0,5,4,2,1,0,2,0,0,1,4,2,0,0,0,0,0,0,3,0
334,klexikon_39,0.5,1,0,3,0,16,0,3,1,0,0,0,2,0,0,0,5,4,0,0,0,0,1,1,5,0
335,klexikon_40,0.5,1,1,0,0,12,3,3,3,0,0,1,1,0,0,0,2,1,0,0,0,0,0,0,0,0
336,klexikon_41,0.5,1,0,1,0,5,0,0,2,0,0,0,1,0,0,0,1,3,0,0,0,0,0,0,2,0
337,klexikon_42,0.5,2,0,1,0,8,1,2,0,0,0,0,1,0,0,0,1,2,0,0,0,0,1,0,2,0
338,klexikon_43,0.5,2,1,6,1,11,1,5,3,0,0,0,2,0,0,0,4,8,0,0,0,0,1,3,5,0
339,klexikon_44,0.5,1,0,3,2,15,1,8,2,0,0,0,0,0,0,0,5,1,0,0,0,0,1,2,3,0
340,klexikon_45,0.5,3,0,2,0,10,0,1,0,0,1,0,1,0,0,0,1,2,0,0,0,0,0,0,0,0
341,klexikon_46,0.5,2,0,0,1,11,1,10,5,0,0,0,5,0,0,2,3,1,0,0,0,0,0,2,6,1
342,klexikon_47,0.5,0,0,1,0,6,0,4,0,0,1,0,1,0,0,0,1,1,0,0,0,0,0,0,2,0
343,klexikon_48,0.5,4,1,4,0,10,1,4,3,0,0,0,4,0,0,0,1,4,0,0,0,0,0,0,0,0
344,klexikon_49,0.5,1,0,1,0,14,0,4,1,0,0,0,8,0,0,0,1,4,0,0,0,0,1,2,2,0
345,klexikon_50,0.5,0,0,1,0,7,0,2,2,0,0,0,0,0,0,0,2,3,0,0,0,0,0,1,2,0
346,klexikon_51,0.5,2,0,1,0,8,0,1,0,0,1,0,2,0,0,0,1,0,0,0,0,0,0,0,0,0
347,klexikon_52,0.5,1,0,4,0,19,1,7,1,0,0,0,5,0,0,0,2,6,0,0,0,0,1,0,4,1
348,klexikon_53,0.5,0,0,1,0,12,0,1,0,0,0,0,2,0,0,0,3,2,0,0,0,0,0,0,0,0
349,klexikon_54,0.5,0,0,4,0,7,0,3,2,0,0,0,5,0,0,0,4,2,0,0,0,0,0,1,2,0
350,klexikon_55,0.5,2,0,3,0,10,0,1,7,0,0,0,2,0,0,0,2,2,0,0,0,0,1,1,1,0
351,klexikon_56,0.5,0,0,1,2,5,0,5,1,0,0,0,0,0,0,2,3,3,0,0,0,0,0,0,0,0
352,klexikon_57,0.5,2,0,1,0,6,0,3,1,0,0,0,4,0,0,0,1,4,0,0,0,0,0,1,1,0
353,klexikon_58,0.5,2,0,2,0,8,0,0,1,0,0,0,1,0,0,1,3,2,0,0,0,0,0,1,2,0
354,klexikon_59,0.5,4,0,3,0,8,1,3,3,0,0,0,1,0,0,0,2,0,0,0,0,0,0,4,3,0
355,klexikon_60,0.5,0,0,2,0,10,0,1,5,0,0,1,4,0,0,0,3,4,0,0,0,0,1,0,0,0
356,klexikon_61,0.5,2,0,6,0,6,1,4,0,0,0,0,3,0,0,0,3,0,0,0,0,0,0,2,2,0
357,klexikon_62,0.5,0,0,6,0,10,0,2,3,0,0,0,2,0,0,0,4,5,0,0,0,0,0,0,3,0
358,klexikon_63,0.5,0,0,2,1,6,0,4,0,0,0,0,1,0,0,0,4,2,0,0,0,0,0,2,3,0
359,klexikon_64,0.5,4,0,2,1,12,1,3,1,0,0,0,2,0,0,0,8,0,0,0,0,0,0,0,0,0
360,klexikon_65,0.5,4,0,1,0,16,1,2,2,0,0,0,0,0,0,1,1,0,0,0,0,0,0,0,1,0
361,klexikon_66,0.5,0,0,1,1,12,1,4,0,0,0,0,3,0,0,0,5,1,0,0,0,0,1,1,0,0
362,klexikon_67,0.5,4,0,0,0,18,0,4,1,0,0,0,0,0,0,0,6,4,0,0,0,0,1,0,0,1
363,klexikon_68,0.5,2,1,4,1,20,0,3,0,0,0,0,3,0,0,0,2,4,0,0,0,0,0,0,3,0
364,klexikon_69,0.5,2,0,1,0,7,3,3,2,0,0,0,0,0,0,0,1,2,0,0,0,0,0,0,0,0
365,klexikon_70,0.5,0,1,1,0,7,0,1,2,0,0,0,2,0,0,0,5,6,0,0,0,0,1,0,1,0
366,klexikon_71,0.5,2,0,2,0,8,0,7,0,0,0,0,2,0,0,0,4,5,0,0,0,0,0,0,0,0
367,klexikon_72,0.5,2,0,1,0,7,0,3,5,0,0,0,0,0,1,0,2,1,0,0,0,0,1,1,3,0
368,klexikon_73,0.5,0,0,3,1,1,2,2,1,0,0,0,0,0,0,0,1,1,0,0,0,0,0,0,1,0
369,klexikon_74,0.5,0,0,0,0,4,0,4,1,0,0,0,0,0,0,0,3,4,0,0,0,0,0,1,4,0
370,klexikon_75,0.5,2,1,1,0,2,0,2,0,0,0,1,3,0,0,0,7,1,0,0,0,0,0,4,0,0
371,klexikon_76,0.5,1,0,4,1,19,1,6,7,2,0,0,6,0,0,1,5,4,0,0,0,0,0,2,4,0
372,klexikon_77,0.5,1,0,1,0,7,2,2,1,0,0,0,1,0,0,0,4,1,0,0,0,0,0,1,0,0
373,klexikon_78,0.5,1,0,4,0,12,2,4,4,0,0,0,5,0,0,1,6,4,0,0,0,0,0,1,1,0
374,klexikon_79,0.5,4,0,0,0,20,1,1,5,0,0,0,3,0,0,0,4,1,0,0,0,0,1,0,1,0
375,klexikon_80,0.5,3,0,0,1,7,0,1,1,0,0,0,0,0,0,0,1,1,0,0,0,0,0,0,3,0
376,klexikon_81,0.5,3,1,1,0,12,1,7,1,0,1,0,0,0,0,0,1,2,0,0,0,0,0,0,0,0
377,klexikon_82,0.5,4,0,0,0,6,1,4,5,0,0,0,5,0,0,0,3,2,0,0,0,0,1,2,1,0
378,klexikon_83,0.5,1,0,1,0,8,0,0,0,0,0,0,2,0,0,0,0,0,0,0,0,0,0,3,2,0
379,klexikon_84,0.5,3,3,5,0,7,2,6,2,0,0,0,1,0,0,0,4,2,0,0,0,0,0,0,2,0
380,klexikon_85,0.5,2,0,6,1,17,1,2,4,0,0,0,4,0,0,0,1,3,0,0,0,0,1,0,2,0
381,klexikon_86,0.5,0,0,2,0,17,0,1,0,0,0,0,2,0,0,0,2,4,0,0,0,0,0,0,5,0
382,klexikon_87,0.5,3,0,3,0,19,2,3,4,0,0,0,6,0,0,0,2,2,0,0,0,0,1,1,2,0
383,klexikon_88,0.5,2,1,0,0,6,2,6,0,0,0,0,5,0,0,0,3,5,0,0,0,0,0,0,1,0
384,klexikon_89,0.5,0,0,2,0,8,1,2,2,0,0,0,1,0,0,0,4,0,0,0,0,0,0,1,0,0
385,klexikon_90,0.5,2,1,2,0,13,3,4,3,0,1,0,1,0,0,0,2,0,0,0,0,0,0,0,2,0
386,klexikon_91,0.5,1,0,5,0,10,2,4,3,0,0,0,4,0,0,0,4,1,0,0,0,0,1,0,4,0
387,klexikon_92,0.5,0,0,4,0,16,1,9,1,0,1,0,6,0,0,0,5,3,0,0,0,0,2,0,6,0
388,klexikon_93,0.5,1,0,1,1,6,1,1,2,0,0,0,2,0,0,0,7,3,0,0,0,0,1,1,2,0
389,klexikon_94,0.5,1,0,2,0,6,4,4,2,0,0,0,0,0,0,0,2,0,0,0,0,0,0,2,1,0
390,klexikon_95,0.5,4,1,0,0,4,0,3,2,0,0,0,1,0,0,0,4,2,0,0,0,0,0,2,0,0
391,klexikon_96,0.5,1,1,1,0,6,0,1,2,0,0,0,3,0,0,0,2,2,0,0,0,0,0,5,1,0
392,klexikon_97,0.5,5,0,3,0,7,0,1,0,0,0,0,0,0,0,0,2,5,0,0,0,0,0,1,0,0
393,klexikon_98,0.5,3,0,0,0,20,1,4,2,0,1,0,3,0,0,0,1,1,0,0,1,0,0,0,1,0
394,klexikon_99,0.5,0,1,2,0,11,2,5,3,0,0,0,3,0,0,0,2,2,0,0,0,0,0,3,4,0
395,klexikon_100,0.5,3,0,5,2,19,0,5,3,0,1,0,3,0,0,0,3,1,0,0,0,0,0,0,2,0
396,klexikon_101,0.5,1,1,1,0,2,1,3,2,0,0,1,4,0,0,0,1,3,0,0,0,0,1,0,1,0
397,klexikon_102,0.5,1,1,3,0,9,3,5,2,0,0,0,4,0,0,0,3,0,0,0,0,0,0,1,1,0
398,klexikon_103,0.5,1,0,3,0,14,0,9,10,1,1,0,4,0,0,0,4,2,0,0,0,0,1,1,3,0
399,klexikon_104,0.5,1,1,0,0,12,0,2,2,0,0,0,2,0,0,0,2,3,0,0,0,0,0,0,1,0
400,klexikon_105,0.5,1,0,0,1,1,1,2,2,0,0,0,1,0,0,0,1,2,0,0,0,0,0,0,1,0
401,klexikon_106,0.5,1,0,1,0,4,0,1,1,0,0,0,4,0,0,1,0,0,0,0,0,0,0,1,2,0
402,klexikon_107,0.5,0,0,5,0,10,0,2,6,0,0,0,5,0,0,0,1,2,0,0,1,0,1,3,0,0
403,klexikon_108,0.5,0,0,0,0,4,0,4,0,0,1,0,0,0,0,0,4,0,0,0,0,0,0,0,1,0
404,klexikon_109,0.5,1,1,1,0,3,0,5,0,0,1,0,2,0,0,0,2,2,0,0,0,0,0,1,3,0
405,klexikon_110,0.5,0,0,3,0,4,0,2,1,0,0,0,3,0,0,0,2,0,0,0,0,0,0,7,0,0
406,klexikon_111,0.5,4,1,0,0,10,0,3,4,0,0,0,2,0,0,0,2,0,0,0,0,0,0,0,4,1
407,klexikon_112,0.5,4,1,3,0,8,0,0,1,0,0,0,2,0,0,0,0,0,0,0,0,0,0,0,3,0
408,klexikon_113,0.5,3,0,0,0,14,0,0,1,0,0,0,1,0,0,0,1,2,0,0,0,0,2,0,0,0
409,klexikon_114,0.5,0,0,1,0,18,0,0,0,0,0,0,0,0,0,0,0,2,0,0,0,0,1,1,1,0
410,klexikon_115,0.5,0,0,2,0,9,0,7,10,0,0,0,3,0,1,0,4,0,0,0,0,0,0,4,4,0
411,klexikon_116,0.5,5,1,4,1,14,0,4,0,0,0,0,4,0,0,1,5,0,0,0,0,0,1,1,0,0
412,klexikon_117,0.5,1,0,0,0,14,0,8,6,1,0,0,3,0,0,0,4,2,0,0,0,0,0,1,2,0
413,klexikon_118,0.5,3,0,2,0,6,1,6,4,0,0,0,4,0,0,0,2,0,0,0,0,0,1,1,3,0
414,klexikon_119,0.5,0,0,2,1,5,0,4,1,0,0,0,2,0,0,1,5,4,0,0,0,0,0,3,5,0
415,klexikon_120,0.5,2,0,3,1,16,1,5,1,0,0,0,3,0,0,0,3,7,0,0,0,0,1,3,2,0
416,klexikon_121,0.5,1,0,4,0,13,1,4,4,0,0,0,2,0,0,0,3,1,0,0,0,0,2,2,3,0
417,klexikon_122,0.5,1,0,2,1,6,0,2,0,0,0,0,3,0,0,0,1,2,0,0,1,0,0,0,0,0
418,klexikon_123,0.5,2,0,1,0,7,1,0,0,0,0,0,2,0,0,0,0,3,0,0,0,0,1,2,0,0
419,klexikon_124,0.5,5,1,1,0,9,0,7,2,0,0,0,3,0,0,0,7,3,0,0,0,0,1,2,1,0
420,klexikon_125,0.5,1,1,3,0,14,3,4,2,1,0,0,0,0,0,1,2,0,0,0,0,0,1,0,2,0
421,klexikon_126,0.5,2,1,3,1,20,0,6,2,0,0,0,3,0,0,0,2,2,0,0,0,0,0,2,2,0
422,klexikon_127,0.5,1,0,2,0,3,0,0,1,0,0,0,8,0,0,0,0,3,0,0,0,0,0,0,0,1
423,klexikon_128,0.5,0,0,4,1,10,0,0,4,0,0,0,1,0,1,0,3,3,0,0,0,0,2,2,1,0
424,klexikon_129,0.5,0,0,4,1,16,0,8,2,1,0,0,3,0,0,1,4,1,0,0,0,0,0,1,3,0
425,klexikon_130,0.5,0,0,0,1,4,1,0,1,0,0,0,2,0,0,0,1,3,0,0,0,0,0,2,2,0
426,klexikon_131,0.5,2,0,1,0,5,3,0,1,0,0,0,0,0,0,0,3,2,0,0,1,0,1,0,0,0
427,klexikon_132,0.5,1,0,1,0,11,0,5,2,0,1,0,0,0,1,2,8,4,0,0,0,0,1,0,2,0
428,klexikon_133,0.5,0,0,0,1,5,0,2,1,0,0,0,6,0,0,0,0,4,0,0,0,0,1,0,0,0
429,klexikon_134,0.5,0,0,1,0,9,0,2,0,0,0,0,1,0,0,0,3,2,0,0,0,0,0,1,0,0
430,klexikon_135,0.5,1,0,0,1,9,0,1,3,1,0,0,3,0,0,0,2,0,0,0,0,0,0,1,3,0
431,klexikon_136,0.5,3,1,1,0,7,1,7,2,0,1,0,0,0,0,0,5,2,0,0,0,0,2,1,2,0
432,klexikon_137,0.5,0,0,5,0,15,0,2,3,0,0,0,3,0,0,0,3,7,0,0,0,0,1,3,0,0
433,klexikon_138,0.5,0,0,0,0,3,2,2,0,0,0,0,2,0,0,0,2,1,0,0,1,0,0,0,1,0
434,klexikon_139,0.5,2,0,6,0,23,1,9,4,0,0,0,3,0,1,0,9,3,0,0,0,0,1,0,4,0
435,klexikon_140,0.5,2,0,1,0,13,2,2,0,0,0,0,0,0,0,0,4,1,0,0,0,0,0,0,5,1
436,klexikon_141,0.5,4,0,2,0,16,0,2,1,0,0,1,3,0,0,0,3,1,0,0,0,0,0,0,4,0
437,klexikon_142,0.5,1,0,1,0,6,0,2,0,0,0,0,5,0,0,0,0,2,0,0,0,0,0,1,0,0
438,klexikon_143,0.5,3,0,1,1,6,0,6,2,0,0,0,7,0,0,0,8,3,0,0,0,0,2,0,3,0
439,klexikon_144,0.5,0,0,3,1,10,0,1,1,0,0,0,0,0,0,0,3,0,0,0,0,0,2,0,2,0
440,klexikon_145,0.5,2,2,3,0,10,2,4,0,0,0,0,4,0,0,0,6,1,0,0,1,0,0,0,0,0
441,klexikon_146,0.5,2,0,3,0,15,0,3,3,0,0,0,3,0,0,0,3,2,0,0,0,0,0,0,5,0
442,klexikon_147,0.5,0,0,2,0,4,1,1,1,0,0,0,0,0,0,0,1,1,0,0,0,0,0,1,0,0
443,klexikon_148,0.5,2,0,3,0,9,2,0,5,0,0,0,1,0,0,0,3,0,0,0,0,0,0,0,0,0
444,klexikon_149,0.5,1,1,4,0,8,0,0,4,0,1,0,0,0,0,0,3,0,0,0,0,0,0,4,1,0
445,klexikon_150,0.5,0,0,1,0,15,1,0,3,0,0,0,0,0,0,0,6,7,0,0,0,0,1,1,0,0
446,klexikon_151,0.5,1,1,1,0,5,0,1,0,0,0,0,1,0,0,1,1,0,0,0,0,0,0,0,2,0
447,klexikon_152,0.5,0,0,5,0,10,0,7,8,0,0,0,1,0,0,0,5,5,0,0,0,0,0,1,0,0
448,klexikon_153,0.5,2,0,5,0,8,0,4,3,0,0,0,0,0,0,0,7,2,0,0,0,0,1,1,3,0
449,klexikon_154,0.5,0,0,2,0,10,1,3,3,0,0,0,2,0,0,0,0,2,0,0,1,0,0,0,4,0
450,klexikon_155,0.5,0,0,1,0,10,1,7,0,0,0,0,1,0,0,1,5,6,0,0,0,0,3,0,3,0
451,klexikon_156,0.5,1,0,2,0,9,0,2,3,0,0,1,2,0,0,0,1,0,0,0,0,0,0,0,2,0
452,klexikon_157,0.5,1,0,3,0,20,0,8,0,1,0,0,1,0,0,0,3,1,0,0,0,0,1,1,1,0
453,klexikon_158,0.5,2,1,1,0,12,0,2,3,0,0,0,3,0,0,0,1,2,0,0,0,0,0,3,1,0
454,klexikon_159,0.5,1,0,2,0,7,1,1,1,0,0,0,1,0,0,0,1,3,0,0,1,0,0,0,2,0
455,klexikon_160,0.5,2,0,1,0,6,0,1,4,0,0,0,1,0,0,1,1,2,0,0,0,0,0,1,0,0
456,klexikon_161,0.5,1,0,1,0,9,1,0,2,0,0,0,4,0,0,0,3,2,0,0,0,0,0,4,1,0
457,klexikon_162,0.5,1,0,4,0,8,1,2,0,0,0,0,2,0,0,0,1,5,0,0,0,0,0,0,1,0
458,klexikon_163,0.5,1,0,4,0,8,0,3,0,0,0,0,0,0,0,0,0,2,0,0,0,0,1,1,0,0
459,klexikon_164,0.5,2,0,0,0,14,0,8,8,0,1,0,1,0,0,2,5,1,0,0,0,0,0,4,2,0
460,klexikon_165,0.5,0,2,3,1,19,0,5,6,0,0,0,4,0,0,0,2,2,0,0,0,0,1,2,0,1
461,klexikon_166,0.5,0,1,2,0,19,1,3,5,0,0,0,2,0,0,0,2,2,0,0,0,0,0,0,1,0
462,klexikon_167,0.5,1,0,0,0,6,2,1,2,0,0,0,3,0,0,0,1,1,0,0,0,0,0,0,1,0
463,klexikon_168,0.5,3,0,4,0,18,0,2,3,0,0,0,1,0,0,0,4,2,1,0,0,0,0,1,2,1
464,klexikon_169,0.5,0,0,0,0,9,1,4,1,1,0,0,0,0,1,0,7,2,0,0,0,0,1,0,4,0
465,klexikon_170,0.5,0,0,3,0,10,0,0,0,0,0,0,7,0,0,0,0,3,0,0,0,0,0,0,3,0
466,klexikon_171,0.5,2,1,0,0,10,0,3,1,0,0,0,5,0,0,1,1,2,0,0,0,0,1,0,0,0
467,klexikon_172,0.5,2,0,3,0,6,0,6,3,0,0,0,1,0,1,1,3,8,0,0,0,0,1,1,1,0
468,klexikon_173,0.5,1,2,0,0,6,0,2,0,0,0,0,0,0,1,0,0,5,0,0,0,0,1,0,0,0
469,klexikon_174,0.5,1,1,2,1,8,1,3,2,0,0,0,1,0,0,0,4,1,0,0,0,0,0,2,3,0
470,klexikon_175,0.5,2,0,1,1,17,0,5,0,0,0,0,6,0,0,0,1,3,0,0,0,0,2,1,2,0
471,klexikon_176,0.5,2,1,2,0,10,1,2,2,0,0,0,1,0,0,0,4,1,0,0,0,0,0,0,2,0
472,klexikon_177,0.5,2,0,2,0,5,2,3,0,0,0,0,2,0,0,0,0,0,0,0,0,0,1,0,3,0
473,klexikon_178,0.5,0,0,0,0,6,0,6,0,0,0,0,4,0,0,1,1,1,0,0,0,0,0,0,1,0
474,klexikon_179,0.5,1,0,1,0,7,0,0,0,0,0,0,0,0,0,0,0,1,0,0,0,0,0,0,1,0
475,klexikon_180,0.5,3,1,3,1,11,0,4,4,0,0,0,2,0,0,1,1,3,0,0,0,0,0,0,0,0
476,klexikon_181,0.5,1,0,1,0,15,1,0,1,0,0,0,2,0,0,1,3,2,0,0,0,0,0,1,2,0
477,klexikon_182,0.5,0,0,2,0,6,2,3,4,0,0,0,4,0,0,0,0,3,0,0,0,0,0,0,3,0
478,klexikon_183,0.5,3,0,1,1,10,0,3,6,0,0,0,4,0,0,0,9,1,0,0,0,0,1,0,1,0
479,klexikon_184,0.5,1,0,7,0,21,0,4,4,0,1,0,3,0,0,0,4,0,0,0,0,0,0,2,5,0
480,klexikon_185,0.5,3,1,2,1,6,1,2,1,0,0,0,1,0,0,0,5,0,0,0,0,0,0,1,1,0
481,klexikon_186,0.5,4,0,1,0,2,0,1,2,0,0,0,2,0,0,0,1,0,0,0,0,0,0,0,1,0
482,klexikon_187,0.5,0,0,3,0,9,0,2,3,0,0,0,1,0,0,0,3,0,0,0,0,0,0,1,0,0
483,klexikon_188,0.5,1,0,2,0,6,1,0,0,0,0,0,1,0,0,0,0,2,0,0,0,0,0,0,1,0
484,klexikon_189,0.5,2,0,1,0,8,1,2,3,0,0,0,0,0,0,0,0,1,0,0,0,0,1,2,1,0
485,klexikon_190,0.5,0,0,1,0,6,3,1,1,0,0,0,0,0,0,0,1,2,0,0,0,0,0,0,0,0
486,klexikon_191,0.5,3,0,2,0,4,2,0,2,0,0,0,2,0,0,0,3,1,0,0,0,0,0,2,1,0
487,klexikon_192,0.5,1,1,1,3,12,0,4,4,0,1,0,0,0,0,0,8,3,0,0,0,0,1,1,2,0
488,klexikon_193,0.5,0,0,0,1,8,1,4,1,0,1,0,1,0,0,0,2,0,1,0,0,0,0,0,0,0
489,klexikon_194,0.5,0,0,2,0,6,1,1,0,1,0,0,6,0,0,0,1,4,0,0,0,0,1,0,0,0
490,klexikon_195,0.5,1,0,1,0,11,0,6,3,0,0,0,2,0,0,0,9,4,0,0,0,0,1,0,3,0
491,klexikon_196,0.5,4,0,3,0,1,1,7,2,0,0,0,1,0,0,0,2,2,0,0,0,0,0,0,0,0
492,klexikon_197,0.5,1,0,2,0,15,0,6,6,0,0,0,0,0,0,0,4,5,0,0,0,0,0,1,1,0
493,klexikon_198,0.5,4,1,0,0,2,3,2,0,0,0,0,0,0,0,0,1,3,0,0,0,0,0,0,1,0
494,klexikon_199,0.5,4,0,6,1,14,2,3,7,0,0,0,3,0,0,0,3,0,0,0,0,0,0,2,4,0
495,klexikon_200,0.5,4,0,2,1,12,1,3,1,0,0,0,2,0,0,0,8,0,0,0,0,0,0,0,0,0
496,klexikon_201,0.5,0,1,1,0,6,1,2,3,0,0,0,1,0,0,0,0,1,0,0,0,0,0,0,3,0
497,klexikon_202,0.5,0,0,2,1,14,2,0,1,0,0,0,7,0,0,0,4,1,0,0,1,0,1,2,1,0
498,klexikon_203,0.5,1,0,2,1,11,0,4,1,0,0,0,1,0,0,0,1,11,1,0,0,0,0,1,4,0
499,klexikon_204,0.5,1,0,0,1,14,0,4,4,0,0,0,3,0,0,0,1,0,0,0,0,0,0,0,0,0
500,klexikon_205,0.5,5,2,2,0,15,1,1,1,0,0,0,2,0,0,0,7,1,0,0,0,0,0,1,1,0
501,klexikon_206,0.5,2,0,2,1,8,0,2,3,1,0,1,1,0,0,0,0,1,0,0,0,0,1,0,4,1
502,klexikon_207,0.5,1,0,0,0,8,0,1,0,0,0,0,4,0,0,0,2,1,0,0,0,0,0,2,2,0
503,klexikon_208,0.5,0,0,4,0,16,0,2,1,0,0,0,4,0,0,0,0,7,0,0,0,0,1,3,1,0
504,klexikon_209,0.5,0,1,1,0,7,0,0,0,0,0,0,2,0,0,0,1,0,0,0,0,0,0,1,1,0
505,klexikon_210,0.5,2,0,2,0,11,0,1,3,0,0,0,0,0,1,0,4,11,0,0,0,0,0,0,0,0
506,klexikon_211,0.5,0,0,2,0,6,1,3,3,0,0,0,0,0,0,0,1,2,0,0,0,0,0,0,3,0
507,klexikon_212,0.5,0,0,3,0,3,0,0,1,0,0,0,1,0,0,0,6,0,0,0,1,0,0,0,0,0
508,klexikon_213,0.5,3,0,1,2,11,1,4,1,0,0,0,1,0,0,0,4,1,0,0,0,0,0,0,3,0
509,klexikon_214,0.5,3,0,1,0,10,1,3,1,1,1,0,1,0,0,0,4,0,0,0,0,0,1,0,1,0
510,klexikon_215,0.5,3,0,1,0,5,1,3,3,0,0,0,1,0,0,0,1,0,0,0,0,0,0,3,0,0
511,klexikon_216,0.5,3,1,2,0,7,2,2,0,0,2,0,2,0,0,0,2,9,0,0,0,0,1,1,1,0
512,klexikon_217,0.5,0,0,1,0,6,0,2,2,0,0,0,1,0,1,0,1,1,0,0,0,0,0,1,2,0
513,klexikon_218,0.5,2,1,1,1,7,2,4,2,0,0,0,0,0,0,0,2,2,0,0,0,0,0,0,1,0
514,klexikon_219,0.5,3,0,1,0,19,2,2,1,0,0,1,0,0,0,0,5,0,0,0,0,0,0,1,3,0
515,klexikon_220,0.5,2,1,2,0,5,0,0,0,0,0,0,3,0,0,0,0,3,0,0,0,0,2,3,1,0
516,klexikon_221,0.5,1,1,0,0,17,0,2,1,0,0,0,2,0,0,0,2,1,0,0,0,0,0,0,4,0
517,klexikon_222,0.5,3,0,3,0,7,0,3,1,0,0,0,0,0,0,0,2,0,0,0,0,0,0,2,2,0
518,klexikon_223,0.5,1,0,2,0,10,1,6,1,0,0,0,2,0,0,0,1,1,0,0,0,0,0,0,1,0
519,klexikon_224,0.5,1,0,0,0,10,0,2,0,0,0,0,1,0,0,0,0,1,0,0,0,0,0,0,2,0
520,klexikon_225,0.5,1,0,3,0,10,0,1,1,0,0,0,0,0,0,0,3,2,0,0,0,0,0,0,0,0
521,klexikon_226,0.5,0,0,1,0,11,0,2,0,0,0,0,2,0,0,1,5,0,0,0,0,0,1,0,2,0
522,klexikon_227,0.5,1,0,2,0,9,0,7,2,0,1,0,1,0,0,0,2,0,0,0,0,0,0,1,0,0
523,klexikon_228,0.5,1,0,1,0,8,0,5,0,0,0,0,7,0,0,0,2,2,0,0,0,0,1,0,2,1
524,klexikon_229,0.5,0,0,1,0,9,0,1,1,0,0,0,1,0,0,0,3,2,0,0,0,0,0,0,5,0
525,klexikon_230,0.5,1,0,0,0,10,1,2,3,0,0,0,2,0,0,0,6,2,0,0,0,0,0,0,2,0
526,klexikon_231,0.5,0,0,2,0,5,0,4,1,0,0,0,4,0,0,0,0,5,0,0,1,0,0,0,1,0
527,klexikon_232,0.5,1,0,1,3,15,1,5,1,0,0,0,0,0,1,0,5,8,0,0,0,0,0,3,1,0
528,klexikon_233,0.5,0,0,2,0,5,2,2,1,0,0,0,0,0,0,0,1,3,0,0,0,0,0,0,1,0
529,klexikon_234,0.5,3,0,0,0,12,0,3,4,0,1,0,1,0,0,0,2,1,0,0,0,0,0,2,4,0
530,klexikon_235,0.5,0,0,2,0,8,0,3,5,0,0,0,2,0,0,0,2,0,0,0,0,0,0,1,1,0
531,klexikon_236,0.5,0,0,0,0,3,1,4,0,0,0,0,0,0,0,0,5,0,0,0,0,0,0,0,0,0
532,klexikon_237,0.5,1,0,2,0,17,0,2,5,0,0,0,3,0,0,0,4,3,0,0,0,0,0,3,5,1
533,klexikon_238,0.5,1,0,2,0,4,1,0,2,0,0,0,1,0,0,0,0,0,0,0,0,0,0,0,0,0
534,klexikon_239,0.5,1,0,8,1,14,0,9,3,0,0,0,2,0,0,0,3,1,0,0,0,0,0,2,0,1
535,klexikon_240,0.5,0,1,3,0,8,1,3,1,0,0,0,6,0,0,0,2,2,0,0,1,0,0,1,2,0
536,klexikon_241,0.5,5,0,1,0,7,0,3,0,0,1,0,1,0,0,0,4,1,0,0,0,0,0,1,0,0
537,klexikon_242,0.5,1,0,3,2,8,0,3,0,0,0,0,0,0,0,0,0,0,0,0,0,0,0,0,1,0
538,klexikon_243,0.5,2,0,5,0,18,0,5,8,1,0,0,4,0,0,0,2,0,0,0,0,0,1,0,5,0
539,klexikon_244,0.5,1,0,2,0,7,0,5,0,0,0,0,3,0,0,0,3,0,0,0,0,0,1,0,1,1
540,klexikon_245,0.5,1,1,2,0,12,1,4,1,0,0,0,1,0,0,0,1,1,0,0,0,0,1,0,2,0
541,klexikon_246,0.5,0,0,2,1,11,0,0,6,0,0,0,0,0,0,0,4,0,0,0,0,0,0,0,1,0
542,klexikon_247,0.5,2,0,4,0,18,0,10,6,0,1,0,2,0,0,1,9,2,0,0,0,0,1,0,2,0
543,klexikon_248,0.5,0,0,1,0,9,0,1,0,0,0,0,2,0,0,0,0,2,0,0,0,0,0,0,4,0
544,klexikon_249,0.5,0,1,1,0,8,1,3,1,0,0,0,0,0,0,0,3,1,0,0,0,0,1,0,0,0
545,klexikon_250,0.5,1,0,2,0,11,2,2,3,0,0,0,1,0,0,1,1,4,0,0,0,0,0,0,2,0
546,klexikon_251,0.5,0,0,2,0,9,0,1,0,0,0,0,0,0,0,0,3,1,0,0,0,0,0,0,2,0
547,klexikon_252,0.5,2,0,1,0,15,1,6,1,0,0,0,0,0,0,0,5,1,0,0,0,0,1,0,1,0
548,klexikon_253,0.5,1,0,1,0,12,1,2,3,0,0,0,0,0,0,1,3,0,0,0,0,0,0,0,1,0
549,klexikon_254,0.5,2,0,2,0,8,0,3,1,0,0,0,5,0,0,1,3,1,0,0,0,0,0,0,0,0
550,klexikon_255,0.5,0,0,0,0,11,0,9,0,0,0,1,0,0,0,0,3,0,0,0,0,0,0,0,1,0
551,klexikon_256,0.5,2,1,5,0,12,0,7,1,0,1,0,1,0,0,0,3,2,0,0,0,0,1,1,3,0
552,klexikon_257,0.5,1,0,3,0,5,1,0,0,0,0,0,0,0,0,0,1,1,0,0,0,0,0,0,2,0
553,klexikon_258,0.5,3,0,2,1,15,0,8,0,0,0,0,3,0,0,0,2,2,0,0,0,0,0,5,0,0
554,klexikon_259,0.5,1,0,3,0,7,1,6,4,0,0,0,0,0,0,0,4,4,1,0,0,0,1,0,5,0
555,klexikon_260,0.5,0,0,0,0,7,0,3,2,0,0,0,1,0,0,0,2,2,0,0,0,0,1,2,0,0
556,klexikon_261,0.5,1,1,2,0,6,0,2,1,0,1,0,1,0,0,1,2,0,0,0,0,0,0,1,2,0
557,klexikon_262,0.5,3,0,0,0,6,0,3,0,0,0,0,2,0,0,0,5,3,0,0,0,0,0,0,1,0
558,klexikon_263,0.5,1,0,1,0,3,0,2,0,0,1,0,5,0,0,0,3,2,0,0,0,0,1,3,0,1
559,klexikon_264,0.5,0,0,2,0,9,0,1,4,0,0,0,4,0,0,0,5,0,0,0,0,0,0,0,0,0
560,klexikon_265,0.5,0,0,3,0,23,1,2,3,0,0,0,0,0,0,0,4,0,0,0,0,0,0,0,1,0
561,klexikon_266,0.5,1,0,1,1,6,0,3,0,0,0,0,1,0,0,1,1,2,0,0,0,0,0,2,0,0
562,klexikon_267,0.5,3,0,1,0,15,1,2,2,0,0,0,2,0,0,1,1,2,0,0,0,0,0,1,2,0
563,klexikon_268,0.5,2,0,1,0,11,2,2,3,0,0,0,1,0,1,2,0,0,0,0,1,0,0,0,3,0
564,klexikon_269,0.5,3,0,1,0,6,1,3,1,0,0,0,0,0,0,0,0,2,0,0,0,0,1,0,2,0
565,klexikon_270,0.5,1,0,3,0,3,0,3,3,0,0,0,0,0,0,0,2,3,0,0,0,0,0,1,0,0
566,klexikon_271,0.5,3,0,7,0,13,2,9,1,0,1,0,2,0,1,0,4,2,0,0,0,0,0,1,1,0
567,klexikon_272,0.5,6,0,0,0,3,0,3,2,0,1,0,0,0,0,0,0,1,0,0,0,0,1,0,1,0
568,klexikon_273,0.5,2,0,3,0,9,1,2,3,0,0,1,1,0,0,0,6,5,0,0,0,0,2,0,1,0
569,klexikon_274,0.5,0,0,4,0,4,0,3,1,0,0,0,0,0,0,0,1,0,0,0,1,0,1,0,2,0
570,klexikon_275,0.5,2,0,1,0,6,0,2,0,0,0,0,1,0,0,1,1,1,0,0,0,0,1,0,1,0
571,klexikon_276,0.5,4,0,0,0,8,0,2,0,0,0,0,2,0,0,0,2,1,0,0,0,0,2,2,2,2
572,klexikon_277,0.5,0,0,3,0,5,0,4,4,0,0,0,3,0,0,0,0,7,0,0,0,0,0,2,1,0
573,klexikon_278,0.5,3,0,2,0,7,0,5,1,0,0,0,0,0,0,0,2,0,0,0,0,0,0,3,2,0
574,klexikon_279,0.5,1,1,3,0,11,0,4,3,0,0,0,1,0,0,1,3,2,0,0,0,0,0,0,3,0
575,klexikon_280,0.5,0,0,3,0,4,0,2,0,0,0,0,7,0,0,0,3,2,0,0,0,0,0,2,0,0
576,klexikon_281,0.5,1,0,2,0,6,0,4,2,1,0,0,5,0,0,0,1,5,0,0,0,0,0,1,1,1
577,klexikon_282,0.5,1,0,2,0,10,0,1,1,0,0,0,0,0,0,0,4,1,0,0,0,0,0,0,0,0
578,klexikon_283,0.5,4,0,2,1,12,1,3,1,0,0,0,2,0,0,0,8,0,0,0,0,0,0,0,0,0
579,klexikon_284,0.5,1,1,2,1,8,0,4,1,0,0,0,3,0,0,1,2,5,0,0,0,0,1,0,2,0
580,klexikon_285,0.5,0,0,2,1,11,0,2,1,0,0,1,3,0,0,0,0,4,0,0,0,0,0,1,1,0
581,klexikon_286,0.5,2,2,2,0,6,3,3,4,0,0,0,1,0,0,0,5,1,0,0,0,0,0,0,1,0
582,klexikon_287,0.5,1,0,0,0,5,0,2,0,0,0,0,3,0,0,0,1,3,0,0,0,0,0,0,1,0
583,klexikon_288,0.5,1,0,5,0,10,0,5,0,0,0,0,5,0,0,0,7,6,0,0,0,0,0,2,1,0
584,klexikon_289,0.5,0,0,0,0,13,0,1,2,0,0,0,1,0,0,0,1,1,0,0,0,0,0,0,2,0
585,klexikon_290,0.5,1,0,1,0,17,0,5,0,0,0,0,2,0,0,0,3,1,0,0,0,0,1,2,1,2
586,klexikon_291,0.5,1,0,1,0,7,0,6,2,0,0,0,0,0,0,0,2,4,0,0,0,0,0,0,0,0
587,klexikon_292,0.5,1,0,5,0,6,0,3,1,0,0,0,1,0,0,0,2,2,0,0,0,0,1,1,1,0
588,klexikon_293,0.5,2,1,3,0,13,0,6,3,0,0,0,0,0,0,0,1,6,0,0,0,0,0,0,3,0
589,klexikon_294,0.5,1,0,0,0,3,0,1,0,0,0,1,3,0,0,0,0,0,0,0,0,0,0,0,3,0
590,wiki_0,1.0,0,0,0,0,9,2,2,1,0,0,0,0,0,0,0,1,0,0,0,0,0,0,0,0,0
591,wiki_1,1.0,1,0,0,0,12,1,0,2,0,0,0,0,0,0,0,2,0,0,0,0,0,0,0,0,0
592,wiki_2,1.0,0,0,0,0,2,0,0,1,0,0,0,2,0,0,0,2,3,0,0,0,0,0,0,0,0
593,wiki_3,1.0,1,0,0,0,4,0,0,0,0,0,0,0,0,0,0,0,2,0,0,0,0,0,0,1,0
594,wiki_4,1.0,0,0,0,0,2,0,1,0,0,0,0,1,0,0,0,2,0,0,0,0,0,0,0,0,0
595,wiki_5,1.0,0,0,0,0,2,0,0,1,0,0,0,0,0,0,0,0,0,0,0,0,0,0,0,0,0
596,wiki_6,1.0,0,0,0,0,0,0,0,0,0,0,0,0,0,0,0,0,0,0,1,0,0,0,0,0,0
597,wiki_7,1.0,0,0,1,0,5,0,1,0,0,0,0,0,0,0,0,4,2,0,0,0,0,0,0,1,0
598,wiki_8,1.0,1,0,0,0,5,0,0,2,0,0,0,0,0,0,0,1,1,0,0,0,0,0,0,0,0
599,wiki_9,1.0,2,0,0,0,6,0,1,2,0,0,0,0,0,0,1,2,0,0,0,0,0,0,0,0,0
600,wiki_10,1.0,0,0,0,0,3,0,1,1,0,0,0,0,0,0,0,1,0,0,0,0,0,0,0,0,0
601,wiki_11,1.0,1,0,2,0,9,0,1,2,0,0,0,0,0,0,0,5,0,0,0,0,0,0,0,0,0
602,wiki_12,1.0,2,0,0,0,7,0,2,0,0,0,0,1,0,0,0,0,1,0,0,0,0,0,1,0,0
603,wiki_13,1.0,0,0,0,0,18,0,0,1,1,0,0,3,0,0,0,2,0,0,0,0,0,0,0,0,0
604,wiki_14,1.0,1,0,1,0,6,1,0,0,0,0,0,0,0,0,0,2,1,0,0,0,0,0,1,0,0
605,wiki_15,1.0,0,0,0,0,7,2,0,5,0,0,0,0,0,0,0,3,3,0,0,0,0,0,0,0,0
606,wiki_16,1.0,0,0,0,0,0,0,0,0,0,0,0,3,0,0,0,0,1,0,0,0,0,1,0,0,0
607,wiki_17,1.0,0,0,0,0,6,0,0,0,0,0,0,0,0,0,0,4,0,0,0,0,0,0,0,0,0
608,wiki_18,1.0,0,0,1,0,5,2,1,0,0,0,0,5,0,0,0,3,2,0,0,0,0,0,0,1,0
609,wiki_19,1.0,1,0,0,0,1,0,0,0,0,0,0,1,0,0,0,0,1,0,0,0,0,0,0,0,0
610,wiki_20,1.0,0,0,0,0,3,0,1,0,0,0,0,0,0,0,0,1,2,0,0,0,0,0,0,0,0
611,wiki_21,1.0,0,0,0,0,2,0,1,0,0,0,0,0,0,0,0,1,0,0,0,0,0,0,0,0,0
612,wiki_22,1.0,0,0,0,0,10,0,0,0,0,0,0,2,0,0,0,0,0,0,0,0,0,0,0,0,0
613,wiki_23,1.0,0,0,0,0,4,0,0,0,0,0,0,1,0,0,0,1,0,0,0,0,0,0,0,0,0
614,wiki_24,1.0,0,0,0,0,1,0,0,0,0,0,0,1,0,0,0,2,0,0,0,0,0,0,0,0,0
615,wiki_25,1.0,2,0,1,0,11,0,4,0,0,1,0,0,0,0,1,5,1,0,0,0,0,0,0,0,0
616,wiki_26,1.0,1,0,0,0,4,0,0,0,0,0,0,0,0,0,0,2,0,0,0,0,0,0,0,0,0
617,wiki_27,1.0,0,0,0,0,4,0,0,0,0,0,0,1,0,0,0,0,0,0,0,0,0,0,0,0,0
618,wiki_28,1.0,0,0,1,0,5,0,0,0,0,0,0,1,0,0,0,3,0,0,0,0,0,0,0,0,0
619,wiki_29,1.0,0,0,0,0,2,0,0,0,0,0,0,0,0,0,0,0,0,0,0,0,0,0,0,0,0
620,wiki_30,1.0,1,0,1,0,11,0,0,0,0,0,0,0,0,0,0,1,2,0,0,0,0,0,0,0,0
621,wiki_31,1.0,0,0,0,0,1,0,0,0,0,0,0,1,0,0,0,0,0,0,0,0,0,0,0,0,0
622,wiki_32,1.0,0,0,0,0,1,0,1,0,0,0,0,2,0,0,0,0,1,0,0,0,0,0,0,0,0
623,wiki_33,1.0,0,0,0,0,1,0,0,0,0,0,0,0,0,0,0,1,0,0,0,0,0,0,0,0,0
624,wiki_34,1.0,2,0,1,0,6,0,2,1,0,0,0,1,0,0,0,4,0,0,0,0,0,0,0,0,0
625,wiki_35,1.0,0,0,1,0,29,1,0,0,0,0,0,0,0,0,0,4,1,0,0,0,0,0,0,0,0
626,wiki_36,1.0,1,0,0,0,2,0,1,0,0,0,0,2,0,0,0,0,0,0,0,0,0,0,0,0,0
627,wiki_37,1.0,0,0,0,0,1,0,0,2,0,0,0,0,0,0,0,1,0,0,0,0,0,0,0,0,0
628,wiki_38,1.0,1,0,1,0,10,1,1,0,0,0,0,1,0,0,0,1,4,0,0,0,0,0,1,1,0
629,wiki_39,1.0,1,0,0,0,7,0,3,0,0,0,0,4,0,0,0,6,0,0,0,0,0,0,0,0,0
630,wiki_40,1.0,0,0,0,0,10,0,1,6,0,0,0,2,0,0,0,4,0,0,0,0,0,0,0,0,0
631,wiki_41,1.0,2,0,0,0,8,1,0,6,0,0,0,0,1,0,0,4,0,0,0,1,0,0,0,0,0
632,wiki_42,1.0,0,0,0,0,0,0,0,0,0,0,0,0,0,0,0,1,0,0,0,0,0,0,0,1,0
633,wiki_43,1.0,2,0,0,1,5,0,2,2,0,1,0,3,0,0,0,2,1,0,1,1,0,0,0,0,0
634,wiki_44,1.0,0,0,0,0,2,0,0,0,0,0,0,0,0,0,0,2,0,0,0,0,0,0,0,0,0
635,wiki_45,1.0,0,0,0,0,4,0,2,0,0,0,0,0,0,0,0,1,2,0,0,0,0,0,0,0,0
636,wiki_46,1.0,0,0,0,0,2,0,0,0,0,0,0,3,0,0,0,1,0,0,0,0,0,0,0,2,0
637,wiki_47,1.0,0,0,1,0,17,0,0,0,0,0,0,2,0,0,0,5,0,0,0,0,0,0,0,1,0
638,wiki_48,1.0,1,0,0,0,0,0,1,0,0,0,0,0,0,0,0,3,1,0,0,0,0,0,0,1,0
639,wiki_49,1.0,2,0,0,0,23,0,2,0,0,1,0,5,0,0,0,4,2,0,1,0,0,0,0,3,0
640,wiki_50,1.0,1,0,0,0,4,0,0,0,0,0,0,2,0,0,0,2,3,0,0,0,0,1,0,0,0
641,wiki_51,1.0,5,1,2,0,16,1,1,1,0,0,0,1,0,0,1,4,3,0,0,0,0,1,2,1,2
642,wiki_52,1.0,1,0,0,0,4,0,0,0,0,0,0,1,0,0,0,1,2,0,0,0,0,0,0,0,0
643,wiki_53,1.0,0,0,0,0,0,0,0,0,0,0,0,4,0,0,0,0,0,0,0,0,0,0,0,0,0
644,wiki_54,1.0,0,0,0,0,0,0,0,0,0,0,0,0,0,0,0,0,0,0,0,0,0,0,0,0,0
645,wiki_55,1.0,0,0,2,0,2,0,0,0,0,0,0,0,0,0,0,0,0,0,0,0,0,0,0,0,0
646,wiki_56,1.0,0,0,0,0,5,0,0,0,0,0,0,0,0,0,0,0,0,0,0,0,0,0,0,0,0
647,wiki_57,1.0,1,0,2,0,15,1,1,0,0,1,0,4,0,0,0,4,2,0,0,0,0,2,0,1,0
648,wiki_58,1.0,5,0,0,0,19,1,1,3,0,0,0,1,0,0,0,9,1,0,0,0,0,1,0,5,0
649,wiki_59,1.0,1,0,0,0,3,1,0,2,0,0,0,0,0,0,0,0,0,0,0,0,0,0,0,0,0
650,wiki_60,1.0,2,0,1,0,7,1,0,0,0,0,0,2,0,0,0,4,1,0,0,0,0,0,0,0,0
651,wiki_61,1.0,1,0,2,1,10,0,1,1,0,0,0,4,0,0,0,2,0,0,0,0,0,1,0,0,0
652,wiki_62,1.0,3,1,4,0,19,1,2,2,0,1,0,2,0,0,0,10,2,0,0,0,0,2,1,2,0
653,wiki_63,1.0,1,0,0,0,1,0,0,0,0,0,0,1,0,0,0,0,0,0,0,0,0,0,0,0,0
654,wiki_64,1.0,1,0,0,0,2,0,0,0,0,0,0,1,0,0,0,2,1,0,0,0,0,0,0,0,0
655,wiki_65,1.0,0,0,0,0,15,1,0,0,0,0,0,0,0,0,0,2,1,0,0,0,0,0,0,1,0
656,wiki_66,1.0,2,2,1,0,13,0,3,1,0,0,0,8,0,0,0,12,1,0,0,0,0,3,0,2,0
657,wiki_67,1.0,1,0,0,0,3,1,0,0,0,0,0,0,0,0,0,1,0,0,0,0,0,0,0,0,0
658,wiki_68,1.0,0,0,3,0,12,0,1,1,0,0,0,2,0,0,0,2,1,0,0,0,0,0,0,0,0
659,wiki_69,1.0,2,0,1,1,25,0,0,1,0,0,0,2,0,0,0,5,4,0,0,0,0,1,0,4,0
660,wiki_70,1.0,2,0,0,0,27,1,0,3,0,0,0,0,0,0,0,0,1,0,0,0,0,0,0,1,0
661,wiki_71,1.0,0,0,0,0,0,0,0,0,0,0,0,0,0,0,0,0,0,0,0,0,0,0,0,0,0
662,wiki_72,1.0,1,0,0,0,5,0,0,0,0,0,0,0,0,0,0,0,1,0,0,0,0,0,0,0,0
663,wiki_73,1.0,0,0,0,0,12,1,0,3,0,0,0,0,0,0,0,7,1,0,0,0,0,0,0,0,0
664,wiki_74,1.0,1,0,0,0,1,0,0,0,0,0,0,1,0,0,0,2,1,0,0,0,0,1,0,0,0
665,wiki_75,1.0,4,0,3,0,12,0,2,1,0,0,0,0,0,0,0,6,2,0,0,0,0,0,0,0,0
666,wiki_76,1.0,0,0,0,0,3,0,0,0,0,0,0,0,0,0,0,1,0,0,0,0,0,0,0,0,0
667,wiki_77,1.0,1,0,1,0,4,0,0,2,0,0,0,0,0,0,0,5,1,0,0,0,0,1,0,0,0
668,wiki_78,1.0,0,0,1,0,4,1,0,0,0,0,0,1,0,0,0,1,1,0,0,0,0,0,0,0,0
669,wiki_79,1.0,2,0,1,0,5,0,0,0,0,0,0,1,0,0,0,0,1,0,0,0,0,0,0,0,0
670,wiki_80,1.0,0,0,0,1,4,0,0,0,0,0,0,1,0,0,0,1,2,0,1,0,0,0,0,1,0
671,wiki_81,1.0,1,0,0,0,13,0,1,0,0,0,0,0,0,0,0,0,1,0,0,0,0,0,0,0,0
672,wiki_82,1.0,0,1,0,0,9,0,1,1,0,0,0,0,0,0,0,4,2,0,0,0,0,0,1,1,0
673,wiki_83,1.0,6,1,0,0,9,1,1,1,0,0,0,3,0,0,0,4,1,0,0,1,0,0,0,1,0
674,wiki_84,1.0,0,1,0,0,5,1,0,0,0,0,0,1,0,0,0,1,0,0,0,0,0,0,0,0,0
675,wiki_85,1.0,1,0,0,0,7,0,1,1,0,0,0,3,0,0,0,5,2,0,0,0,0,1,1,1,0
676,wiki_86,1.0,0,0,0,0,8,0,1,0,0,0,0,2,0,0,0,2,0,0,0,0,0,0,0,1,0
677,wiki_87,1.0,3,1,0,0,10,1,5,2,0,0,0,2,0,0,1,7,10,0,0,0,0,2,0,3,0
678,wiki_88,1.0,2,0,0,1,9,1,0,0,0,0,0,2,0,1,0,2,9,0,1,0,0,1,0,1,0
679,wiki_89,1.0,0,0,0,0,1,0,0,0,0,0,0,0,0,0,0,1,0,0,0,0,0,0,0,0,0
680,wiki_90,1.0,1,0,1,0,5,0,1,1,0,0,0,0,0,0,0,4,0,0,0,0,0,0,0,0,0
681,wiki_91,1.0,0,1,0,0,4,0,0,1,0,1,0,0,0,0,0,2,1,0,0,0,0,1,0,0,0
682,wiki_92,1.0,0,0,0,0,2,0,0,0,0,0,0,0,0,0,0,0,0,0,0,0,0,0,0,0,0
683,wiki_93,1.0,5,0,2,0,17,0,5,5,0,0,0,1,1,0,0,6,1,0,0,1,0,0,0,1,0
684,wiki_94,1.0,0,0,0,0,7,0,0,0,0,0,0,4,0,0,0,3,1,0,0,0,0,0,0,0,0
685,wiki_95,1.0,0,0,0,0,6,1,0,0,0,0,0,0,0,0,0,0,1,0,0,0,0,0,0,1,0
686,wiki_96,1.0,2,0,2,0,4,0,0,0,0,0,0,3,1,0,0,3,1,0,0,0,0,1,0,0,0
687,wiki_97,1.0,4,0,0,0,9,0,1,0,0,0,0,1,0,0,0,2,1,0,0,1,0,0,0,0,0
688,wiki_98,1.0,0,0,1,0,0,0,0,0,0,0,0,2,0,0,0,0,0,0,0,0,0,0,0,0,0
689,wiki_99,1.0,0,0,0,0,4,0,1,0,0,0,0,1,0,0,0,0,0,0,1,0,0,0,0,3,0
690,wiki_100,1.0,0,0,0,0,1,0,0,0,0,0,0,0,0,0,0,0,0,0,0,0,0,0,0,0,0
691,wiki_101,1.0,1,0,0,0,1,0,0,0,0,0,0,1,0,0,0,0,0,0,0,0,0,0,0,1,0
692,wiki_102,1.0,1,0,0,0,2,0,1,0,0,0,0,0,0,0,0,2,0,0,0,0,0,0,0,0,0
693,wiki_103,1.0,0,0,0,0,4,0,1,1,0,1,0,1,0,0,0,0,0,0,0,0,0,0,0,0,0
694,wiki_104,1.0,3,0,1,0,23,8,0,2,0,0,0,1,0,0,0,8,2,0,0,1,0,0,0,0,0
695,wiki_105,1.0,4,0,0,0,15,4,0,6,0,0,0,0,0,0,0,4,7,0,0,0,0,1,0,0,0
696,wiki_106,1.0,0,0,1,1,7,1,4,1,1,0,0,1,0,0,0,1,0,0,0,0,0,1,0,0,0
697,wiki_107,1.0,2,0,0,0,4,1,0,0,0,0,0,4,0,0,0,0,0,0,0,0,0,0,0,0,0
698,wiki_108,1.0,0,0,2,0,2,0,3,0,0,0,0,0,0,0,0,2,1,0,0,0,0,0,0,0,0
699,wiki_109,1.0,1,0,0,0,5,1,0,2,0,0,0,0,0,0,0,5,2,0,0,0,0,0,0,0,0
700,wiki_110,1.0,0,0,0,0,2,0,0,2,0,0,0,1,0,0,0,1,0,0,0,0,0,0,1,0,0
701,wiki_111,1.0,4,0,2,0,14,0,0,1,0,0,0,0,0,0,0,1,0,0,0,0,0,1,0,0,0
702,wiki_112,1.0,0,0,0,1,6,0,0,0,0,0,0,7,0,0,0,3,2,0,0,0,0,1,0,0,0
703,wiki_113,1.0,0,0,0,0,2,0,0,0,0,0,0,1,0,0,0,1,0,0,0,0,0,0,0,0,0
704,wiki_114,1.0,0,0,0,0,3,0,0,0,0,0,0,1,0,0,0,1,0,0,0,0,0,0,0,0,0
705,wiki_115,1.0,0,0,0,0,3,0,0,0,0,0,0,0,0,0,0,2,0,0,0,0,0,0,0,0,0
706,wiki_116,1.0,3,0,1,0,7,0,1,1,0,0,0,7,0,0,0,3,2,0,0,0,0,0,1,2,0
707,wiki_117,1.0,0,0,2,0,4,0,1,0,0,0,0,0,0,0,0,0,3,0,0,0,0,0,0,0,0
708,wiki_118,1.0,1,0,1,0,10,0,1,0,0,0,0,0,0,0,0,1,0,0,0,0,0,0,0,0,0
709,wiki_119,1.0,0,0,0,0,0,0,0,0,0,0,0,0,0,0,0,0,0,0,0,0,0,0,0,0,0
710,wiki_120,1.0,0,0,0,0,4,0,3,0,0,0,0,2,0,0,0,3,1,0,1,0,0,0,0,1,0
711,wiki_121,1.0,8,1,1,0,9,0,1,0,0,0,0,1,0,0,0,0,0,0,0,0,0,3,1,0,0
712,wiki_122,1.0,1,1,1,0,8,0,1,1,0,1,0,6,0,0,0,3,2,0,0,0,0,0,1,0,0
713,wiki_123,1.0,0,0,0,0,5,0,0,0,0,0,0,0,0,0,0,4,0,0,0,0,0,0,0,1,0
714,wiki_124,1.0,1,0,1,1,9,1,1,0,0,0,0,7,0,0,0,0,3,0,0,0,1,0,0,1,0
715,wiki_125,1.0,0,0,0,0,2,0,0,0,0,0,0,0,0,0,0,0,0,0,0,0,0,0,0,0,0
716,wiki_126,1.0,0,0,0,0,0,0,0,0,0,0,0,0,0,0,0,0,0,0,0,0,0,0,0,0,0
717,wiki_127,1.0,0,0,0,0,4,0,0,0,0,0,0,4,0,0,0,0,0,0,0,0,0,1,0,0,0
718,wiki_128,1.0,0,0,0,0,6,2,0,1,0,0,0,2,0,0,0,1,0,0,0,0,0,1,1,3,0
719,wiki_129,1.0,1,0,0,0,4,1,2,1,0,0,0,0,0,0,0,1,0,0,0,0,0,0,0,1,0
720,wiki_130,1.0,0,0,1,0,3,0,0,0,0,0,0,0,0,0,0,1,0,0,0,0,0,0,0,0,0
721,wiki_131,1.0,3,0,0,1,23,5,0,1,0,0,0,0,0,0,0,3,0,0,0,2,0,0,0,0,0
722,wiki_132,1.0,0,0,0,0,22,0,2,2,0,0,0,3,0,0,0,2,2,0,0,0,0,1,0,1,0
723,wiki_133,1.0,0,0,0,0,3,0,0,0,0,0,0,2,0,0,0,4,0,0,0,0,0,0,0,0,0
724,wiki_134,1.0,1,0,1,0,8,0,1,0,0,0,0,7,0,0,0,4,3,0,0,0,0,0,0,0,0
725,wiki_135,1.0,1,0,0,0,2,0,2,0,0,0,0,0,0,0,0,1,0,0,0,0,0,0,0,0,0
726,wiki_136,1.0,0,0,0,0,4,1,1,1,0,1,0,0,0,0,0,4,2,0,0,0,0,0,0,0,0
727,wiki_137,1.0,0,0,0,0,5,0,0,0,0,0,0,2,0,0,0,1,1,0,0,0,0,0,0,0,0
728,wiki_138,1.0,1,0,0,0,5,0,0,0,0,0,0,0,0,0,0,2,0,0,0,0,0,0,0,0,0
729,wiki_139,1.0,1,0,0,0,9,0,0,1,0,0,0,4,0,0,0,5,1,0,1,0,0,1,0,0,0
730,wiki_140,1.0,1,0,0,0,9,0,0,2,0,0,0,1,0,0,0,2,0,0,0,0,0,0,0,0,0
731,wiki_141,1.0,1,0,0,0,10,0,3,2,0,0,0,2,0,0,0,1,1,0,1,0,0,0,0,1,0
732,wiki_142,1.0,0,0,1,0,12,0,3,1,0,0,0,0,0,0,0,4,1,0,0,0,0,1,0,0,0
733,wiki_143,1.0,1,0,1,0,10,0,2,1,0,0,0,3,0,0,0,2,2,0,0,0,0,0,0,0,0
734,wiki_144,1.0,0,0,0,0,4,0,0,0,0,0,0,0,0,0,0,0,0,0,0,0,0,0,0,0,0
735,wiki_145,1.0,0,0,0,0,1,0,0,0,0,0,0,1,0,0,0,1,0,0,0,0,0,0,0,0,0
736,wiki_146,1.0,0,0,2,0,8,0,1,0,0,0,0,1,0,0,0,2,2,0,1,0,0,0,0,0,0
737,wiki_147,1.0,1,0,0,0,7,0,0,0,0,0,0,1,0,0,0,1,0,0,0,0,0,0,0,1,0
738,wiki_148,1.0,0,0,0,0,2,0,1,2,0,0,0,3,0,0,0,3,2,0,0,0,0,0,0,0,0
739,wiki_149,1.0,0,0,0,0,2,0,0,1,0,0,0,1,0,0,0,1,0,0,0,0,0,0,0,0,0
740,wiki_150,1.0,0,0,0,0,8,3,2,0,0,0,0,0,0,0,0,4,0,0,0,0,0,1,0,0,0
741,wiki_151,1.0,3,1,1,0,13,1,1,2,0,0,0,0,0,0,0,3,1,0,2,0,0,0,1,0,0
742,wiki_152,1.0,3,0,1,0,13,0,0,5,0,0,0,1,0,0,0,3,0,0,0,0,0,0,0,0,0
743,wiki_153,1.0,0,0,0,0,1,0,0,0,0,0,0,1,0,0,0,1,0,0,0,0,0,0,0,0,0
744,wiki_154,1.0,0,0,0,0,5,0,0,0,0,0,0,0,0,0,0,0,0,0,0,0,0,0,0,0,0
745,wiki_155,1.0,0,0,0,0,2,0,0,0,0,0,0,0,0,0,0,0,0,0,1,0,0,0,0,0,0
746,wiki_156,1.0,1,0,0,0,9,0,3,0,0,0,0,0,0,0,0,2,2,0,0,0,0,0,0,1,0
747,wiki_157,1.0,1,0,0,0,7,0,0,0,1,0,0,0,0,0,0,0,0,0,1,0,0,1,0,2,0
748,wiki_158,1.0,2,0,0,0,5,0,1,0,0,1,0,4,0,0,0,1,1,0,0,0,0,1,0,0,0
749,wiki_159,1.0,2,0,0,0,9,0,0,0,0,0,0,0,0,0,0,1,0,0,0,0,0,0,0,0,0
750,wiki_160,1.0,0,0,0,0,4,0,0,4,0,0,0,0,0,0,0,0,0,0,0,0,0,0,0,0,0
751,wiki_161,1.0,0,0,0,0,6,0,1,0,0,0,0,0,0,0,0,1,0,0,0,0,0,0,0,1,0
752,wiki_162,1.0,1,0,1,1,18,0,0,2,0,0,0,0,0,0,0,7,14,0,0,0,0,0,0,0,0
753,wiki_163,1.0,1,0,0,0,12,0,1,1,0,0,0,1,0,0,0,2,0,0,0,0,0,1,0,1,0
754,wiki_164,1.0,0,0,0,0,0,0,0,0,0,0,0,0,0,0,0,1,0,0,0,0,0,0,0,0,0
755,wiki_165,1.0,1,0,0,0,12,0,1,1,0,0,0,1,0,0,0,7,2,0,0,0,0,0,0,0,0
756,wiki_166,1.0,4,0,0,0,36,0,0,1,0,0,0,1,0,0,0,7,0,0,0,0,0,1,0,4,0
757,wiki_167,1.0,0,0,0,0,8,0,0,0,0,0,0,1,0,0,0,1,1,0,0,0,0,0,0,0,0
758,wiki_168,1.0,1,0,0,0,6,0,0,0,0,0,0,0,0,0,0,1,1,0,0,0,0,0,0,1,0
759,wiki_169,1.0,1,0,1,0,14,0,5,1,0,0,0,0,0,0,1,4,0,0,0,0,0,0,0,0,1
760,wiki_170,1.0,1,0,0,0,10,1,1,2,0,0,0,7,0,0,0,1,1,0,0,0,0,1,1,1,0
761,wiki_171,1.0,1,0,1,0,14,4,2,0,0,1,0,3,0,0,0,2,0,0,0,0,0,0,0,3,0
762,wiki_172,1.0,1,0,0,0,5,0,1,0,0,0,0,2,0,0,0,2,0,0,0,0,0,0,0,0,0
763,wiki_173,1.0,3,0,0,1,5,0,3,0,0,0,0,0,0,0,0,4,0,0,0,0,0,1,0,1,0
764,wiki_174,1.0,0,1,0,0,14,0,2,1,0,0,0,5,0,0,0,1,1,0,1,0,0,1,0,1,0
765,wiki_175,1.0,0,0,1,0,6,0,1,0,0,0,0,2,0,0,0,3,0,0,0,0,0,0,0,0,0
766,wiki_176,1.0,0,0,0,0,2,0,0,0,0,0,0,0,0,0,0,2,0,0,0,0,0,0,0,0,0
767,wiki_177,1.0,1,0,0,0,4,0,0,0,0,0,0,1,0,0,0,2,0,0,0,0,0,0,0,0,0
768,wiki_178,1.0,2,0,0,0,1,0,0,0,0,0,0,5,0,0,0,2,1,0,0,0,0,0,0,0,0
769,wiki_179,1.0,1,0,0,0,23,1,0,1,0,0,0,0,0,0,0,5,7,0,0,0,0,0,0,1,0
770,wiki_180,1.0,1,0,0,0,12,0,5,3,0,0,0,3,0,0,0,3,2,0,0,0,0,0,0,1,0
771,wiki_181,1.0,0,0,0,0,1,0,0,0,0,0,0,1,0,0,0,1,0,0,0,0,0,1,0,0,0
772,wiki_182,1.0,0,0,1,0,8,0,0,0,0,0,0,3,0,0,0,7,3,0,2,0,0,1,0,1,0
773,wiki_183,1.0,0,0,1,0,1,0,1,0,0,0,0,0,0,0,0,0,0,0,0,0,0,0,0,0,0
774,wiki_184,1.0,0,0,0,0,5,2,0,0,0,0,0,1,0,0,0,1,1,0,0,0,0,0,0,1,0
775,wiki_185,1.0,0,0,1,0,12,0,1,3,0,0,0,0,0,0,1,3,1,0,0,0,0,0,0,1,0
776,wiki_186,1.0,3,1,0,0,12,1,2,0,0,0,0,2,0,0,0,3,3,0,0,0,0,0,0,1,0
777,wiki_187,1.0,0,0,1,0,1,0,0,0,0,0,0,0,0,0,0,1,0,0,0,0,0,0,0,0,0
778,wiki_188,1.0,2,0,0,0,19,1,0,1,0,0,0,0,0,0,0,1,0,0,1,0,0,0,0,0,0
779,wiki_189,1.0,3,1,0,0,14,0,0,1,0,0,0,0,0,0,0,3,1,0,0,0,0,0,0,0,0
780,wiki_190,1.0,0,0,0,0,7,0,0,0,0,0,0,0,0,0,0,0,0,0,0,0,0,0,0,1,0
781,wiki_191,1.0,6,0,3,0,10,0,1,2,0,0,0,1,0,0,0,1,2,0,0,0,0,0,0,1,0
782,wiki_192,1.0,1,0,0,0,4,0,0,0,0,0,0,3,0,0,0,0,1,0,0,0,0,0,0,0,0
783,wiki_193,1.0,5,0,1,0,43,1,1,0,0,0,0,0,0,0,0,4,1,0,0,0,0,1,0,4,0
784,wiki_194,1.0,0,0,0,0,4,0,0,0,0,0,0,7,0,0,0,1,2,0,0,0,0,0,0,0,0
785,wiki_195,1.0,3,0,1,1,12,1,3,0,1,0,0,2,0,0,0,3,4,0,0,0,0,1,0,2,0
786,wiki_196,1.0,0,0,0,0,3,0,0,0,0,0,0,0,0,0,0,1,0,0,0,0,0,0,0,0,0
787,wiki_197,1.0,0,0,0,0,1,0,0,0,0,0,0,0,0,0,0,0,0,0,0,0,0,0,0,0,0
788,wiki_198,1.0,0,0,0,0,10,1,0,0,0,0,0,0,0,0,0,0,0,0,0,0,0,0,0,0,0
789,wiki_199,1.0,0,1,1,0,2,2,1,0,0,1,0,1,0,0,0,4,0,0,0,0,0,0,0,0,0
790,wiki_200,1.0,0,0,0,0,1,0,0,0,0,0,0,0,0,0,0,0,1,0,0,0,0,0,0,0,0
791,wiki_201,1.0,9,0,1,0,7,0,2,0,0,0,0,5,0,0,0,4,2,0,1,1,0,1,0,2,0
792,wiki_202,1.0,0,0,0,0,7,0,0,0,0,0,0,0,0,0,0,0,1,0,0,0,0,0,0,1,0
793,wiki_203,1.0,2,0,0,1,15,0,4,0,0,1,0,4,0,0,0,7,1,0,0,0,0,1,0,1,0
794,wiki_204,1.0,0,0,0,0,2,0,0,1,0,0,0,0,0,0,0,0,0,0,1,0,0,0,0,0,0
795,wiki_205,1.0,1,0,0,0,4,0,0,0,0,0,0,1,0,0,0,1,0,0,0,0,0,0,0,0,0
796,wiki_206,1.0,0,0,1,0,5,1,3,1,0,0,0,2,0,0,0,1,0,0,0,0,0,0,0,0,0
797,wiki_207,1.0,0,0,2,0,5,0,0,0,0,0,0,1,0,0,0,1,0,0,0,0,0,0,0,0,0
798,wiki_208,1.0,0,0,0,0,3,0,0,0,0,0,0,0,0,0,0,0,0,0,0,0,0,0,0,0,0
799,wiki_209,1.0,0,0,0,0,3,0,0,0,0,0,0,2,0,0,0,1,0,0,1,0,0,0,0,0,0
800,wiki_210,1.0,0,0,0,0,2,0,0,0,0,0,0,0,0,0,0,1,0,0,0,0,0,0,0,0,0
801,wiki_211,1.0,3,0,0,0,7,0,0,0,0,0,0,2,0,0,0,3,0,0,0,0,0,0,0,2,0
802,wiki_212,1.0,1,0,1,0,5,0,0,0,0,0,0,0,0,0,0,0,0,0,0,0,0,0,0,0,0
803,wiki_213,1.0,1,0,0,0,16,0,0,0,0,0,0,0,0,0,0,3,1,0,0,0,0,0,0,0,0
804,wiki_214,1.0,1,0,0,0,4,0,0,0,0,0,0,0,0,0,0,0,0,0,0,0,0,0,0,0,0
805,wiki_215,1.0,4,0,2,0,21,0,3,0,0,0,0,0,0,0,0,2,6,0,0,0,0,1,0,2,0
806,wiki_216,1.0,0,0,1,0,6,2,0,0,0,0,0,1,0,0,0,4,3,0,0,0,0,0,0,1,0
807,wiki_217,1.0,0,0,0,0,12,0,1,1,0,0,0,0,0,0,0,3,1,0,0,0,0,0,0,1,0
808,wiki_218,1.0,0,0,0,0,4,0,0,0,0,0,0,0,0,0,0,1,0,0,0,0,0,0,0,0,0
809,wiki_219,1.0,0,0,1,0,8,1,0,1,0,0,0,1,0,0,0,1,1,0,0,0,0,0,0,0,0
810,wiki_220,1.0,0,0,0,0,2,0,0,1,0,0,0,1,0,0,0,1,0,1,0,0,0,0,0,0,0
811,wiki_221,1.0,0,0,0,0,3,0,0,0,0,0,0,1,0,0,0,0,1,0,0,0,0,1,0,0,0
812,wiki_222,1.0,0,0,2,0,6,0,0,1,1,0,0,1,0,0,0,1,0,0,0,0,0,0,0,0,0
813,wiki_223,1.0,1,0,0,0,8,1,0,0,0,0,0,2,0,0,0,3,3,0,0,0,0,0,0,0,0
814,wiki_224,1.0,1,0,0,0,8,1,0,1,0,0,0,1,0,0,0,1,0,0,0,0,0,0,1,1,0
815,wiki_225,1.0,2,0,0,0,1,0,1,0,0,0,0,0,0,0,0,0,0,0,0,0,0,0,0,0,0
816,wiki_226,1.0,0,0,0,0,3,0,0,0,0,0,0,1,0,0,0,0,0,0,0,0,0,0,0,0,0
817,wiki_227,1.0,0,0,0,0,1,0,0,0,0,0,0,1,0,0,0,0,0,0,0,0,0,0,0,0,0
818,wiki_228,1.0,0,0,0,0,4,0,0,0,0,0,0,0,0,0,0,2,0,0,0,0,0,0,0,0,0
819,wiki_229,1.0,1,1,1,0,14,0,0,0,0,0,0,4,0,0,0,3,1,0,0,0,0,0,0,0,0
820,wiki_230,1.0,0,0,0,0,1,0,0,0,0,0,0,1,0,0,0,1,0,0,0,0,0,0,0,0,0
821,wiki_231,1.0,3,1,0,0,11,0,0,1,0,0,0,2,0,0,0,2,1,0,0,0,0,0,0,2,0
822,wiki_232,1.0,0,0,0,0,2,0,0,0,0,0,0,0,0,0,0,1,0,0,0,0,0,0,0,1,0
823,wiki_233,1.0,0,0,0,0,11,2,0,0,0,0,0,0,0,0,0,4,1,0,0,0,0,0,0,0,0
824,wiki_234,1.0,2,0,0,0,4,1,0,0,0,0,0,2,0,0,0,3,1,0,0,0,0,0,0,1,0
825,wiki_235,1.0,0,0,0,0,4,0,0,0,0,0,0,1,0,0,0,0,2,0,0,0,0,0,0,0,0
826,wiki_236,1.0,0,0,0,0,2,0,0,0,0,0,0,1,0,0,0,1,0,0,0,0,0,0,0,1,0
827,wiki_237,1.0,0,0,0,0,4,0,2,0,0,0,0,2,0,0,0,3,1,0,0,0,0,0,0,0,0
828,wiki_238,1.0,2,0,0,0,12,0,2,0,0,0,0,2,0,0,0,5,2,0,0,1,0,0,0,1,0
829,wiki_239,1.0,2,0,2,0,6,0,0,1,0,0,0,1,0,0,0,5,0,0,0,0,0,2,0,0,0
830,wiki_240,1.0,0,0,0,0,4,0,0,0,0,0,0,5,0,0,0,2,1,0,0,0,0,0,0,1,0
831,wiki_241,1.0,0,0,0,0,4,0,0,0,0,0,0,0,0,0,0,1,0,0,0,0,0,1,0,0,0
832,wiki_242,1.0,0,0,0,0,5,0,2,0,0,0,0,0,0,0,0,1,0,0,0,0,0,0,0,0,0
833,wiki_243,1.0,3,0,1,0,11,0,2,0,0,0,0,2,0,0,0,8,0,0,0,0,0,0,0,1,0
834,wiki_244,1.0,1,1,2,0,13,1,1,0,0,0,0,2,0,0,0,10,1,0,0,0,0,0,0,2,0
835,wiki_245,1.0,1,0,0,0,6,0,0,0,0,0,0,1,0,0,0,1,0,0,0,0,0,0,0,1,0
836,wiki_246,1.0,3,0,0,0,7,1,0,2,0,0,0,1,0,0,0,3,0,0,0,0,0,0,0,0,0
837,wiki_247,1.0,0,0,1,0,4,0,0,0,0,0,0,0,0,0,0,2,0,0,0,0,0,0,0,0,0
838,wiki_248,1.0,0,0,0,1,2,0,0,0,0,0,0,0,0,0,0,1,0,0,0,0,0,0,0,0,0
839,wiki_249,1.0,4,0,1,0,22,2,2,6,0,0,0,0,1,0,0,4,1,0,0,0,0,0,0,1,0
840,wiki_250,1.0,3,0,1,0,24,0,1,1,0,0,0,2,0,0,0,6,5,0,1,0,0,0,0,0,0
841,wiki_251,1.0,0,0,0,0,7,0,0,1,0,0,0,0,0,0,0,0,0,0,0,0,0,0,0,0,0
842,wiki_252,1.0,3,0,0,0,11,1,1,1,0,0,0,0,0,0,0,5,0,0,0,0,0,0,0,0,0
843,wiki_253,1.0,2,0,0,0,13,1,0,1,0,0,0,0,0,0,0,1,0,0,0,0,0,0,0,0,0
844,wiki_254,1.0,2,0,0,0,10,1,0,0,0,0,0,0,0,0,0,0,0,0,0,0,0,0,0,0,0
845,wiki_255,1.0,0,0,0,0,2,1,1,3,0,0,0,3,0,0,0,1,0,0,1,0,0,0,0,0,0
846,wiki_256,1.0,0,0,0,0,2,0,0,0,0,0,0,2,0,0,0,3,0,0,0,0,0,0,0,0,0
847,wiki_257,1.0,2,0,1,0,17,1,0,0,0,0,0,0,0,0,0,3,2,0,0,0,0,0,0,0,0
848,wiki_258,1.0,0,0,1,0,4,0,1,3,0,0,0,0,0,0,0,2,2,0,0,0,0,0,0,0,0
849,wiki_259,1.0,0,0,1,0,1,0,0,0,0,0,0,0,0,0,0,0,0,0,0,0,0,0,0,0,0
850,wiki_260,1.0,3,0,1,0,9,0,4,0,0,0,0,3,0,0,0,4,1,0,0,0,0,1,0,0,0
851,wiki_261,1.0,0,0,0,0,6,0,0,1,0,0,0,1,0,0,1,1,0,0,0,0,0,0,0,0,0
852,wiki_262,1.0,0,0,0,1,1,0,0,0,0,0,0,0,0,0,0,0,0,0,0,0,0,0,0,0,0
853,wiki_263,1.0,1,0,0,0,3,0,0,1,0,0,0,0,0,0,0,2,1,0,0,1,0,1,0,0,0
854,wiki_264,1.0,1,0,1,0,8,0,2,2,0,0,0,1,0,0,0,2,1,0,0,0,0,1,1,1,0
855,wiki_265,1.0,2,0,1,0,9,0,2,0,0,0,0,0,0,0,0,1,0,0,0,0,0,0,0,1,0
856,wiki_266,1.0,0,0,0,0,1,0,0,0,0,0,0,0,0,0,0,0,0,0,0,0,0,0,0,0,0
857,wiki_267,1.0,0,0,1,0,5,0,0,0,0,0,0,2,0,0,0,2,0,0,0,0,0,0,0,0,0
858,wiki_268,1.0,2,0,1,0,6,3,0,0,0,0,0,0,0,0,0,0,3,0,0,0,0,0,0,0,0
859,wiki_269,1.0,0,0,0,0,3,0,0,1,0,0,0,0,0,0,0,0,0,0,0,0,0,0,0,0,0
860,wiki_270,1.0,0,1,0,0,0,0,0,0,0,0,0,2,0,0,0,1,0,0,0,0,0,0,0,0,0
861,wiki_271,1.0,1,0,0,0,1,0,0,0,0,0,0,1,0,0,0,0,0,0,0,0,0,0,0,0,0
862,wiki_272,1.0,1,0,0,0,1,1,1,0,0,0,0,0,0,0,0,0,0,0,0,0,0,1,0,0,0
863,wiki_273,1.0,0,0,0,0,0,0,0,0,0,0,0,2,0,0,0,0,0,0,0,0,0,0,0,0,0
864,wiki_274,1.0,0,0,0,0,1,0,0,0,0,0,0,1,0,0,0,1,0,0,0,0,0,0,0,0,0
865,wiki_275,1.0,0,0,0,0,1,0,0,0,0,0,0,1,0,0,0,0,0,0,0,0,0,0,0,0,0
866,wiki_276,1.0,0,0,0,0,3,0,0,0,0,0,0,0,0,0,0,0,0,0,0,0,0,1,0,0,0
867,wiki_277,1.0,0,0,0,0,1,1,0,0,0,0,0,2,0,0,0,1,0,0,0,1,0,0,0,0,0
868,wiki_278,1.0,0,0,0,0,2,0,0,0,0,0,0,0,0,0,0,1,2,0,0,0,0,0,0,1,0
869,wiki_279,1.0,0,0,0,0,4,0,0,0,0,0,0,0,0,0,0,3,0,0,0,0,0,0,0,0,0
870,wiki_280,1.0,2,0,0,0,2,0,0,1,0,0,0,1,0,0,0,1,0,0,0,0,0,0,0,0,0
871,wiki_281,1.0,1,0,1,0,12,0,0,0,0,0,0,1,0,0,0,0,0,0,0,0,0,1,0,0,0
872,wiki_282,1.0,1,0,0,0,13,0,1,0,0,0,0,0,0,0,0,2,1,0,0,0,0,0,0,2,0
873,wiki_283,1.0,0,0,0,0,1,0,0,0,0,0,0,0,0,0,0,0,1,0,0,0,0,0,0,0,0
874,wiki_284,1.0,3,0,0,0,3,0,0,0,0,0,0,1,0,0,0,1,0,0,0,0,0,0,0,1,0
875,wiki_285,1.0,0,0,0,0,1,0,0,0,0,0,0,0,0,0,0,0,1,0,0,0,0,0,0,0,0
876,wiki_286,1.0,0,0,0,0,13,0,0,1,0,0,0,2,0,0,0,0,0,0,0,0,0,0,0,0,0
877,wiki_287,1.0,0,0,0,0,1,1,0,0,0,0,0,2,0,0,0,2,0,0,1,0,0,0,0,0,0
878,wiki_288,1.0,0,0,1,0,3,0,0,0,0,0,0,2,0,0,0,1,1,0,0,0,0,0,0,0,0
879,wiki_289,1.0,0,0,1,0,21,2,0,1,0,0,0,1,0,0,1,4,3,0,1,0,0,0,1,4,0
880,wiki_290,1.0,0,0,0,0,5,0,2,0,0,2,0,0,0,0,0,2,0,0,0,0,0,1,0,2,0
881,wiki_291,1.0,4,0,0,0,12,0,0,2,0,1,0,0,0,0,0,2,5,0,0,0,0,0,0,2,0
882,wiki_292,1.0,0,0,0,0,0,0,0,1,0,0,0,0,0,0,0,1,0,0,0,0,0,0,0,0,0
883,wiki_293,1.0,1,0,2,0,12,0,3,4,0,2,0,1,0,0,0,6,3,0,0,0,0,0,0,2,0
884,wiki_294,1.0,1,0,0,0,12,0,2,3,0,1,0,2,0,0,0,7,3,0,0,0,0,0,0,0,0
