#id,,Contingency.Cause.Reason,Expansion.Substitution.Arg2-as-subst,Contingency.Cause.Result,Contingency.Purpose.Arg1-as-goal,Expansion.Conjunction,Temporal.Asynchronous.Succession,Comparison.Contrast,Temporal.Asynchronous.Precedence,Expansion.Exception.Arg2-as-except,Comparison.Concession.Arg1-as-denier,Contingency.Negative-condition.Arg2-as-negCond,Expansion.Disjunction,Expansion.Manner.Arg1-as-manner,Expansion.Level-of-detail.Arg1-as-detail,Contingency.Negative-condition.Arg1-as-negCond,Comparison.Concession.Arg2-as-denier,Temporal.Synchronous,Contingency.Purpose.Arg2-as-goal,Expansion.Exception.Arg1-as-except,Expansion.Instantiation,Expansion.Level-of-detail.Arg2-as-detail,Expansion.Substitution.Arg1-as-subst,Contingency.Condition.Arg1-as-cond,Expansion.Instantiation.Arg2-as-instance,Contingency.Condition.Arg2-as-cond,Expansion.Equivalence,Expansion.Manner.Arg2-as-manner
miniklexi_0,0,1,0,0,0,5,1,2,1,0,0,0,1,0,0,0,0,1,0,0,0,0,0,0,0,0,3,0
miniklexi_1,0,0,0,0,0,2,0,0,0,0,0,0,0,0,0,0,0,0,0,0,0,0,0,0,0,0,1,0
miniklexi_2,0,2,0,0,0,2,0,0,0,0,0,0,1,0,0,0,0,0,0,0,0,0,0,0,0,0,1,0
miniklexi_3,0,0,0,1,0,4,0,0,6,0,0,0,2,0,0,0,0,2,0,0,0,0,0,0,0,0,1,0
miniklexi_4,0,0,0,2,0,2,0,2,0,0,0,0,0,0,0,0,0,0,0,0,0,0,0,0,0,0,1,0
miniklexi_5,0,0,0,1,0,5,0,1,1,0,0,0,1,0,0,0,0,1,1,0,0,0,0,0,0,0,1,0
miniklexi_6,0,0,0,2,0,1,0,1,0,0,0,0,3,0,0,0,0,0,1,0,0,0,0,0,0,0,0,0
miniklexi_7,0,0,0,0,0,0,0,0,0,0,0,0,3,0,0,0,0,0,0,0,0,0,0,0,0,0,0,0
miniklexi_8,0,0,0,0,0,4,0,0,1,0,0,0,0,0,0,0,0,2,0,0,0,0,0,0,1,0,2,0
miniklexi_9,0,1,0,0,0,0,0,0,0,0,0,0,0,0,0,0,0,1,0,0,0,0,0,0,0,0,1,0
miniklexi_10,0,0,0,0,0,7,0,0,1,0,0,0,1,0,0,0,0,1,0,0,0,0,0,0,0,0,1,0
miniklexi_11,0,0,0,3,0,4,1,2,1,0,0,0,0,0,0,0,1,0,0,0,0,0,0,0,0,0,1,0
miniklexi_12,0,3,0,1,0,4,0,1,4,0,0,0,1,0,0,0,0,0,0,0,0,0,0,0,0,0,4,0
miniklexi_13,0,0,0,0,1,5,0,0,2,0,0,0,2,0,0,0,0,1,0,0,0,0,0,0,0,0,0,0
miniklexi_14,0,0,0,0,0,1,0,0,1,0,0,0,1,0,0,0,0,1,0,0,0,0,0,0,0,0,0,0
miniklexi_15,0,0,0,0,0,3,1,1,2,0,0,0,0,0,0,0,0,2,2,0,0,0,0,0,0,0,0,0
miniklexi_16,0,0,0,0,0,3,0,1,2,0,0,0,1,0,0,0,0,1,1,0,0,0,0,0,0,1,0,0
miniklexi_17,0,0,0,2,0,3,1,0,1,0,0,0,1,0,0,0,0,0,0,0,0,0,0,0,0,1,1,0
miniklexi_18,0,1,0,3,0,4,0,2,0,0,0,0,0,0,0,0,0,0,1,0,0,0,0,0,0,0,1,0
miniklexi_19,0,2,0,3,0,5,0,3,0,0,0,0,0,0,0,0,0,0,0,0,0,0,0,0,0,0,1,0
miniklexi_20,0,1,0,2,0,5,0,4,1,0,0,0,0,0,0,1,0,0,0,0,0,0,0,0,0,0,0,0
miniklexi_21,0,0,2,0,0,5,0,1,1,0,0,0,2,0,0,0,0,1,1,0,0,0,0,0,0,0,0,0
miniklexi_22,0,0,0,0,0,6,0,1,1,0,0,0,2,0,0,0,0,0,3,0,0,0,0,0,1,1,0,0
miniklexi_23,0,2,0,2,0,4,0,4,4,0,0,0,0,0,0,0,0,1,0,0,0,0,0,0,0,0,0,0
miniklexi_24,0,0,0,0,0,3,0,1,0,0,0,0,0,0,0,0,0,0,0,0,0,0,0,0,0,0,0,0
miniklexi_25,0,0,0,1,1,8,0,0,0,0,0,0,0,0,0,0,0,1,0,0,0,0,0,0,0,0,1,0
miniklexi_26,0,2,0,1,0,6,0,1,0,0,0,0,0,0,0,0,0,0,1,0,0,0,0,0,0,0,0,0
miniklexi_27,0,3,0,2,0,8,0,0,1,0,0,0,0,0,0,0,0,0,0,0,0,0,0,0,0,2,0,0
miniklexi_28,0,1,0,1,0,7,0,4,1,0,0,0,0,0,0,0,0,0,1,0,0,0,0,0,0,1,1,0
miniklexi_29,0,0,0,0,0,8,0,1,0,0,0,0,1,0,0,0,0,1,0,0,0,0,0,0,0,0,1,0
miniklexi_30,0,1,0,1,0,6,0,2,0,0,0,0,2,0,0,0,0,0,0,0,0,0,0,0,0,0,2,0
miniklexi_31,0,1,0,0,0,6,0,2,1,0,0,0,1,0,0,0,0,1,1,0,0,0,0,0,0,0,1,0
miniklexi_32,0,0,0,3,0,4,0,1,2,0,0,0,0,0,0,0,0,1,1,0,0,0,0,0,0,0,0,0
miniklexi_33,0,0,0,0,0,2,0,0,0,0,0,0,3,0,0,0,0,1,0,0,0,0,0,0,0,0,0,0
miniklexi_34,0,0,0,2,0,4,0,1,1,0,0,0,2,0,0,0,0,1,0,0,0,0,0,0,0,1,2,0
miniklexi_35,0,2,0,0,1,4,0,0,0,0,0,0,1,0,0,0,0,0,0,0,0,0,0,0,0,0,0,0
miniklexi_36,0,1,0,1,0,5,0,3,0,0,0,0,0,0,0,0,0,2,1,0,0,0,0,0,0,0,0,0
miniklexi_37,0,0,0,0,0,2,0,0,2,0,0,0,0,0,0,0,0,1,0,0,0,0,0,0,0,0,4,0
miniklexi_38,0,1,0,0,0,4,0,2,0,0,0,0,0,0,0,0,0,0,0,0,0,0,0,0,0,0,3,0
miniklexi_39,0,0,0,2,1,4,0,1,1,0,0,0,3,0,0,0,0,2,2,0,0,0,0,0,0,2,4,0
miniklexi_40,0,0,0,0,0,5,1,5,0,0,0,0,1,0,0,0,0,0,0,0,0,0,0,0,0,0,0,0
miniklexi_41,0,0,0,1,0,2,0,0,1,0,0,0,0,0,0,0,0,0,0,0,0,0,0,0,0,0,1,0
miniklexi_42,0,0,0,1,0,5,0,1,0,0,0,0,0,0,0,0,0,0,1,0,0,0,0,0,1,0,0,0
miniklexi_43,0,0,0,4,1,3,0,2,1,0,0,0,0,0,0,0,0,1,2,0,0,0,0,0,1,2,2,0
miniklexi_44,0,0,0,1,0,1,0,0,3,0,0,0,0,0,0,0,0,1,0,0,0,0,0,0,0,1,0,0
miniklexi_45,0,0,0,1,0,5,0,1,0,0,1,0,1,0,0,0,0,1,1,0,0,0,0,0,0,0,0,0
miniklexi_46,0,0,0,1,0,4,0,2,1,0,0,0,4,0,0,0,0,1,0,0,0,0,0,0,0,0,0,0
miniklexi_47,0,0,0,1,0,5,0,1,0,0,0,0,0,0,0,0,0,1,1,0,0,0,0,0,0,0,1,0
miniklexi_48,0,2,0,2,0,9,0,0,3,0,0,0,1,0,0,0,0,0,0,0,0,0,0,0,0,0,1,0
miniklexi_49,0,2,0,1,0,5,0,2,1,0,0,0,4,0,0,0,0,0,3,0,0,0,0,0,0,0,0,0
miniklexi_50,0,0,0,0,0,5,0,1,0,0,0,0,0,0,0,0,0,1,2,0,0,0,0,0,0,0,2,0
miniklexi_51,0,2,0,1,0,5,0,0,0,0,0,0,0,0,0,0,0,0,0,0,0,0,0,0,0,0,0,0
miniklexi_52,0,1,0,1,0,7,0,2,0,0,0,0,1,0,0,0,0,1,0,0,0,0,0,0,1,0,0,0
miniklexi_53,0,0,0,1,0,1,0,2,1,0,0,0,3,0,0,0,0,2,1,0,0,0,0,0,0,0,1,0
miniklexi_54,0,0,0,1,1,5,0,1,1,0,0,0,3,0,0,0,0,0,1,0,0,0,0,0,1,0,3,0
miniklexi_55,0,1,0,2,0,7,0,0,3,0,0,0,1,0,0,0,0,1,0,0,0,0,0,0,1,0,0,0
miniklexi_56,0,0,0,1,0,5,0,5,0,0,0,0,0,0,0,0,0,0,0,0,0,0,0,0,0,0,0,0
miniklexi_57,0,1,0,0,0,5,0,0,0,0,0,0,1,0,0,0,0,0,0,0,0,0,0,0,0,0,0,0
miniklexi_58,0,0,0,1,0,1,0,2,0,0,0,0,1,0,0,0,1,0,1,0,0,0,0,0,0,0,0,0
miniklexi_59,0,1,0,0,0,4,0,0,1,0,0,0,0,0,0,0,0,1,1,0,0,0,0,0,0,0,2,0
miniklexi_60,0,1,0,1,0,3,0,0,0,0,0,0,2,0,0,0,0,0,0,0,0,0,0,0,1,0,1,0
miniklexi_61,0,1,0,2,0,3,0,2,1,0,0,0,2,0,0,0,0,1,0,0,0,0,0,0,0,0,0,0
miniklexi_62,0,0,0,1,0,3,0,3,2,0,0,0,1,0,0,0,0,2,1,0,0,0,0,0,0,0,3,0
miniklexi_63,0,0,0,1,0,5,0,3,1,0,0,0,1,0,0,1,0,3,1,0,0,0,0,0,0,0,3,0
miniklexi_64,0,3,0,0,0,3,0,0,1,0,0,0,1,0,0,0,0,1,0,0,0,0,0,0,0,1,0,0
miniklexi_65,0,5,0,0,0,6,1,0,1,0,0,0,1,0,0,0,0,1,1,0,0,0,0,0,0,0,0,0
miniklexi_66,0,0,0,0,0,4,0,1,0,0,0,0,0,0,0,0,0,3,0,0,0,0,0,0,0,0,0,0
miniklexi_67,0,1,0,0,0,6,0,4,1,0,0,0,0,0,0,0,0,1,0,0,0,0,0,0,0,0,0,0
miniklexi_68,0,0,0,2,0,8,0,1,0,0,0,0,1,0,0,0,0,0,1,0,0,0,0,0,0,0,2,0
miniklexi_69,0,2,0,2,0,5,1,2,2,0,0,0,0,0,0,0,0,1,1,0,0,0,0,0,0,0,0,0
miniklexi_70,0,2,0,2,0,3,0,1,2,0,0,0,1,0,0,0,0,2,2,0,0,0,0,0,0,0,0,0
miniklexi_71,0,0,0,2,0,3,0,2,0,0,0,0,2,0,0,0,0,2,3,0,0,0,0,0,0,0,0,0
miniklexi_72,0,1,0,0,0,2,0,1,0,0,0,0,0,0,0,0,0,1,1,0,0,0,0,0,1,0,2,0
miniklexi_73,0,0,0,3,1,1,1,2,1,0,0,0,0,0,0,0,0,1,0,0,0,0,0,0,0,0,1,0
miniklexi_74,0,0,0,0,0,2,0,1,0,0,0,0,0,0,0,0,0,0,1,0,0,0,0,0,0,0,0,0
miniklexi_75,0,2,1,1,0,2,0,2,0,0,0,1,4,0,0,0,0,8,1,0,0,0,0,0,0,4,0,0
miniklexi_76,0,0,0,3,0,13,0,5,1,0,0,0,1,0,0,0,1,3,2,0,0,0,0,0,0,1,2,0
miniklexi_77,0,0,0,1,0,7,2,1,1,0,0,0,0,0,0,0,0,1,0,0,0,0,0,0,0,1,0,0
miniklexi_78,0,0,0,1,0,4,1,1,2,0,0,0,1,0,0,0,0,2,3,0,0,0,0,0,0,0,1,0
miniklexi_79,0,1,0,0,0,4,1,1,1,0,0,0,1,0,0,0,0,1,1,0,0,0,0,0,0,0,1,0
miniklexi_80,0,0,0,1,1,3,0,3,0,0,0,0,1,0,0,0,1,1,2,0,0,0,0,0,0,0,0,0
miniklexi_81,0,0,1,1,0,9,1,3,1,0,0,0,0,0,0,0,0,1,1,0,0,0,0,0,0,0,0,0
miniklexi_82,0,0,0,0,0,7,1,0,2,0,0,0,3,0,0,0,0,0,0,0,0,0,0,0,0,0,0,0
miniklexi_83,0,0,0,0,0,3,0,0,3,0,0,0,2,0,0,0,0,0,0,0,0,0,0,0,0,2,1,0
miniklexi_84,0,0,0,2,0,4,2,2,1,0,0,0,2,0,0,0,0,2,0,0,0,0,0,0,0,0,1,0
miniklexi_85,0,1,0,0,0,7,1,0,1,0,0,0,0,0,0,0,0,1,0,0,0,0,0,0,0,1,0,0
miniklexi_86,0,0,0,0,0,7,0,1,0,0,0,0,0,0,0,0,0,0,1,0,0,0,0,0,0,0,1,0
miniklexi_87,0,1,0,1,0,12,0,0,2,0,0,0,2,0,0,0,0,0,3,0,0,0,0,0,0,0,0,0
miniklexi_88,0,1,0,0,0,4,1,1,2,0,0,0,2,0,0,0,0,2,1,0,0,0,0,0,0,0,0,0
miniklexi_89,0,0,0,2,0,6,1,1,0,0,0,0,2,0,0,0,0,3,0,0,0,0,0,0,0,1,3,0
miniklexi_90,0,1,0,1,0,5,1,1,1,0,0,0,1,0,0,0,0,2,0,0,0,0,0,0,0,0,0,0
miniklexi_91,0,0,0,1,0,2,0,2,0,0,0,0,1,0,0,0,0,2,1,0,0,0,0,0,0,0,1,0
miniklexi_92,0,0,0,0,0,5,0,0,1,0,0,0,2,0,0,0,0,0,0,0,0,0,0,0,1,0,2,0
miniklexi_93,0,0,0,1,0,2,0,2,1,0,0,0,0,0,0,0,0,2,0,0,0,0,0,0,0,0,0,0
miniklexi_94,0,0,0,0,0,2,1,5,0,0,0,0,1,0,0,0,0,0,0,0,0,0,0,0,0,0,1,0
miniklexi_95,0,1,0,0,0,5,0,1,2,0,0,0,1,0,0,0,0,5,1,0,0,0,0,0,1,1,1,0
miniklexi_96,0,0,0,1,0,1,0,1,0,0,0,0,1,0,0,0,0,1,0,0,0,0,0,0,0,3,1,0
miniklexi_97,0,1,0,1,0,3,0,0,0,0,0,0,0,0,0,0,0,0,0,0,0,0,0,0,1,0,0,0
miniklexi_98,0,1,1,0,0,12,1,5,0,0,1,0,0,0,0,0,0,0,0,0,0,0,0,0,0,0,0,0
miniklexi_99,0,0,0,1,0,4,0,3,2,0,0,0,3,0,0,0,0,0,1,0,0,0,0,0,0,0,1,0
miniklexi_100,0,0,0,0,0,3,0,1,0,0,0,0,2,0,0,0,0,1,1,0,0,0,0,0,0,0,0,0
miniklexi_101,0,0,0,0,0,2,0,3,0,0,0,1,3,0,0,0,0,0,0,0,0,0,0,0,0,0,2,0
miniklexi_102,0,1,0,2,0,2,1,2,1,0,0,0,0,0,0,0,0,0,0,0,0,0,0,0,0,0,1,0
miniklexi_103,0,0,0,1,0,5,0,7,7,0,0,0,2,0,0,0,0,1,0,0,0,0,0,0,0,0,2,0
miniklexi_104,0,0,0,0,0,5,0,0,1,0,0,0,2,0,0,0,0,1,0,0,0,0,0,0,0,0,2,0
miniklexi_105,0,0,0,1,0,2,1,0,3,0,0,0,0,0,0,0,0,0,1,0,0,0,0,0,0,0,0,0
miniklexi_106,0,0,0,0,0,3,0,1,1,0,0,0,0,0,0,0,0,0,0,0,0,0,0,0,0,0,1,0
miniklexi_107,0,0,0,1,0,4,0,0,4,0,0,0,1,0,0,0,0,0,0,0,0,0,0,0,0,0,0,0
miniklexi_108,0,0,0,1,0,11,0,3,2,0,0,0,1,0,0,0,0,0,0,0,0,0,0,0,0,0,2,0
miniklexi_109,0,1,0,0,0,3,0,2,0,0,1,0,0,0,0,0,0,2,2,0,0,0,0,0,0,0,0,0
miniklexi_110,0,0,0,3,0,2,0,0,0,0,0,0,0,0,0,0,0,0,0,0,0,0,0,0,0,1,3,0
miniklexi_111,0,0,0,0,0,5,0,0,1,0,0,0,0,0,0,0,0,0,0,0,0,0,0,0,0,0,0,0
miniklexi_112,0,0,0,1,0,4,0,0,3,0,0,0,1,0,0,0,0,0,0,0,0,0,0,0,1,0,1,0
miniklexi_113,0,0,0,0,0,3,0,0,1,0,0,0,0,0,0,0,0,0,0,0,0,0,0,0,0,0,2,0
miniklexi_114,0,0,0,0,0,2,0,0,0,0,0,0,1,0,0,0,0,0,0,0,0,0,0,0,0,0,2,0
miniklexi_115,0,0,0,0,0,5,0,5,3,0,1,0,1,0,0,0,0,2,0,0,0,0,0,0,0,0,2,0
miniklexi_116,0,0,0,0,1,2,0,1,0,0,0,0,2,0,0,0,0,0,0,0,0,0,0,0,0,0,0,0
miniklexi_117,0,0,0,1,0,8,0,5,6,0,0,0,0,0,0,0,0,1,1,0,0,0,0,0,0,0,3,0
miniklexi_118,0,1,0,1,0,3,0,2,3,0,0,0,1,0,0,0,0,0,0,0,0,0,0,0,1,0,1,0
miniklexi_119,0,0,0,1,1,4,0,1,0,0,0,0,1,0,0,0,1,1,2,0,0,0,0,0,0,1,4,0
miniklexi_120,0,1,0,0,0,3,0,1,0,0,0,0,1,0,0,0,0,0,3,0,0,0,0,0,0,1,0,0
miniklexi_121,0,0,0,1,0,6,0,0,0,0,0,0,0,0,0,0,0,1,1,0,0,0,0,0,0,0,1,0
miniklexi_122,0,0,0,1,0,3,0,1,0,0,0,0,1,0,0,0,0,1,1,0,0,0,0,0,0,0,0,0
miniklexi_123,0,0,0,1,0,5,0,0,0,0,0,0,1,0,0,0,0,1,1,0,0,0,0,0,0,1,1,0
miniklexi_124,0,1,0,1,0,7,0,1,3,0,0,0,0,0,0,0,0,0,0,0,0,0,0,0,0,0,1,0
miniklexi_125,0,0,0,1,0,7,0,3,1,0,0,0,0,0,0,0,0,1,1,0,0,0,0,0,0,0,2,0
miniklexi_126,0,3,0,0,0,6,0,1,2,0,0,0,2,0,0,0,0,0,0,0,0,0,0,0,0,4,1,0
miniklexi_127,0,0,0,2,0,5,0,0,1,0,0,0,5,0,0,0,0,0,1,0,0,0,0,0,0,0,0,0
miniklexi_128,0,1,0,2,0,5,0,0,3,0,0,0,0,0,0,0,0,3,2,0,0,0,0,0,1,1,0,0
miniklexi_129,0,0,0,0,0,9,0,4,1,0,0,0,2,0,0,0,0,1,1,0,0,0,0,0,0,0,2,0
miniklexi_130,0,1,0,0,0,1,0,1,1,0,0,0,1,0,0,0,0,0,2,0,0,0,0,0,0,2,3,0
miniklexi_131,0,2,0,0,0,4,1,0,0,0,0,0,2,0,0,0,0,1,1,0,0,0,0,0,0,0,1,0
miniklexi_132,0,1,0,0,0,1,0,1,0,0,0,0,0,0,0,1,0,1,2,0,0,0,0,0,0,0,0,0
miniklexi_133,0,0,0,0,0,6,0,3,4,0,0,0,4,0,0,0,0,0,1,0,0,0,0,0,1,0,0,0
miniklexi_134,0,1,0,2,0,6,0,0,1,0,0,0,0,0,0,0,0,0,0,0,0,0,0,0,1,1,1,0
miniklexi_135,0,1,0,0,0,6,0,0,0,0,0,0,0,0,0,0,0,1,0,0,0,0,0,0,0,0,2,0
miniklexi_136,0,0,0,0,0,4,1,4,4,0,1,0,1,0,0,0,0,4,0,0,0,0,0,0,0,0,1,0
miniklexi_137,0,0,0,0,0,7,0,0,5,0,0,0,0,0,0,0,0,0,0,0,0,0,0,0,0,0,0,0
miniklexi_138,0,0,0,0,1,1,1,1,0,0,0,0,1,0,0,0,0,0,0,0,0,0,0,0,0,0,0,0
miniklexi_139,0,0,0,2,0,7,0,3,0,0,0,0,2,0,0,0,0,3,0,0,0,0,0,0,0,0,1,0
miniklexi_140,0,1,0,2,0,5,0,2,0,0,0,0,0,0,0,0,0,1,1,0,0,0,0,0,0,0,1,0
miniklexi_141,0,1,0,0,0,3,0,1,0,0,0,0,2,0,0,0,0,0,0,0,0,0,0,0,1,0,1,0
miniklexi_142,0,0,0,1,0,7,0,1,0,0,0,0,1,0,0,0,0,0,0,0,0,0,0,0,0,0,0,0
miniklexi_143,0,0,0,0,0,2,0,0,1,0,0,0,2,0,0,0,0,1,0,0,0,0,0,0,0,0,0,0
miniklexi_144,0,1,0,2,1,4,0,0,0,0,0,0,0,0,0,0,0,0,0,0,0,0,0,0,0,0,0,0
miniklexi_145,0,1,1,2,0,4,0,2,0,0,0,0,1,0,0,0,0,4,0,0,0,0,0,0,0,0,1,0
miniklexi_146,0,0,0,0,0,4,0,2,2,0,0,0,0,0,0,0,0,1,0,0,0,0,0,0,0,0,1,0
miniklexi_147,0,1,0,2,0,5,0,1,3,0,0,0,0,0,0,0,0,1,1,0,0,0,0,0,0,0,1,0
miniklexi_148,0,1,0,1,0,3,0,0,3,0,0,0,0,0,0,0,0,2,2,0,0,0,0,0,0,0,0,0
miniklexi_149,0,0,1,2,0,1,0,0,3,0,0,0,0,0,0,0,0,1,0,0,0,0,0,0,0,1,0,0
miniklexi_150,0,0,0,0,0,3,0,0,0,0,0,0,0,0,0,0,0,1,0,0,0,0,0,0,1,0,0,0
miniklexi_151,0,1,0,0,0,4,0,1,0,0,0,0,1,0,0,0,1,0,0,0,0,0,0,0,0,0,3,0
miniklexi_152,0,0,0,0,1,3,1,0,0,0,0,0,0,0,0,0,0,2,0,0,0,0,0,0,0,0,0,0
miniklexi_153,0,1,0,1,0,2,0,0,1,0,0,0,0,0,0,0,0,3,1,0,0,0,0,0,0,0,1,0
miniklexi_154,0,0,0,0,0,4,0,0,0,0,0,0,2,0,0,0,0,0,2,0,0,0,0,0,0,0,1,0
miniklexi_155,0,0,0,0,0,4,0,1,0,0,0,0,1,0,0,0,0,0,2,0,0,0,0,0,0,0,1,0
miniklexi_156,0,0,0,1,0,5,0,0,0,0,0,0,2,0,0,0,0,0,1,0,0,0,0,0,0,0,1,0
miniklexi_157,0,0,0,1,0,14,0,2,1,0,0,0,1,0,0,0,0,2,1,0,0,0,0,0,0,0,0,0
miniklexi_158,0,2,1,0,0,3,0,2,1,0,0,0,1,0,0,0,0,0,1,0,0,0,0,0,0,0,0,0
miniklexi_159,0,0,0,0,0,2,0,1,2,0,0,0,1,0,0,0,0,1,2,0,0,0,1,0,0,0,1,0
miniklexi_160,0,1,0,1,0,2,2,2,2,0,0,0,0,0,0,0,1,1,0,0,0,0,0,0,0,0,0,0
miniklexi_161,2,1,0,0,0,7,0,0,1,0,0,0,4,0,0,0,0,3,2,0,0,0,0,0,0,2,1,0
miniklexi_162,0,0,0,1,0,2,1,1,0,0,0,0,2,0,0,0,0,0,1,0,0,0,0,0,0,1,0,0
miniklexi_163,0,1,0,1,0,3,0,0,0,0,0,0,0,0,0,0,0,0,2,0,0,0,0,0,1,0,1,0
miniklexi_164,0,0,0,0,0,2,0,2,0,0,1,0,1,0,0,0,1,2,1,0,0,0,0,0,0,0,1,0
miniklexi_165,0,2,1,2,0,7,0,4,1,0,0,0,1,0,0,0,0,1,1,0,0,0,0,0,0,0,0,0
miniklexi_166,0,0,0,1,0,2,0,2,2,0,0,0,0,0,0,0,0,0,1,0,0,0,0,0,0,0,0,0
miniklexi_167,0,1,0,0,0,4,1,0,0,0,0,0,1,0,0,0,0,1,0,0,0,0,0,0,0,0,1,0
miniklexi_168,0,2,0,0,0,3,0,0,0,0,0,0,0,0,0,0,0,1,1,0,0,0,0,0,0,0,1,0
miniklexi_169,0,0,0,1,0,7,0,4,0,0,0,0,0,0,0,1,0,2,1,0,0,0,0,0,0,0,2,0
miniklexi_170,0,0,0,2,1,4,0,0,0,0,0,0,3,0,0,0,0,0,0,0,0,0,0,0,0,0,1,0
miniklexi_171,0,1,0,0,0,4,0,1,0,0,0,0,1,0,0,0,0,0,1,0,0,0,0,0,1,0,0,0
miniklexi_172,0,1,0,1,0,6,0,1,2,0,0,0,0,0,0,0,0,1,2,0,0,0,0,0,0,1,2,0
miniklexi_173,0,0,1,0,0,5,0,0,0,0,0,0,1,0,0,1,0,0,0,0,0,0,0,0,0,0,0,0
miniklexi_174,0,0,0,1,0,5,0,2,0,0,0,0,1,0,0,0,0,2,1,0,0,0,0,0,0,1,0,0
miniklexi_175,0,0,0,2,0,10,0,0,2,0,0,0,3,0,0,0,0,1,1,0,0,0,0,0,0,0,2,0
miniklexi_176,0,0,0,1,0,6,0,0,1,0,0,0,0,0,0,0,0,0,0,0,0,0,0,0,0,0,1,0
miniklexi_177,0,0,0,1,0,5,0,0,0,0,0,0,1,0,0,0,0,1,0,0,0,0,0,0,0,0,1,0
miniklexi_178,0,0,0,1,0,8,0,2,0,0,0,0,1,0,0,0,1,0,0,0,0,0,0,0,2,0,1,0
miniklexi_179,0,0,0,1,0,3,0,0,0,0,0,0,0,0,0,0,0,0,1,0,0,0,0,0,0,0,1,0
miniklexi_180,0,0,0,1,0,8,0,3,4,0,0,0,1,0,0,0,0,1,0,0,0,0,0,0,0,0,0,0
miniklexi_181,0,0,0,0,0,5,0,0,1,0,0,0,3,0,0,0,1,1,2,0,0,0,0,0,0,1,0,0
miniklexi_182,0,0,0,1,0,6,1,2,2,0,0,0,2,0,0,0,0,0,1,0,0,0,0,0,0,0,2,0
miniklexi_183,0,1,0,1,1,1,0,0,0,0,0,0,1,0,0,0,0,0,0,0,0,0,0,0,1,0,0,0
miniklexi_184,0,0,0,1,0,5,0,2,4,0,0,0,2,0,0,0,0,3,0,0,0,0,0,0,0,0,1,0
miniklexi_185,0,2,1,1,1,4,0,2,0,0,0,0,1,0,0,0,0,3,0,0,0,0,0,0,0,0,0,0
miniklexi_186,0,1,0,0,0,1,0,0,1,0,0,0,0,0,0,0,0,2,0,0,0,0,0,0,0,1,0,0
miniklexi_187,0,1,0,2,0,6,0,2,1,0,0,0,1,0,0,0,0,3,0,0,0,0,0,0,0,1,1,0
miniklexi_188,0,0,0,0,0,1,1,0,0,0,0,0,0,0,0,0,0,0,0,0,0,0,0,0,0,0,0,0
miniklexi_189,0,1,0,0,0,5,0,0,1,0,0,0,0,0,0,0,0,1,0,0,0,0,0,0,0,0,2,0
miniklexi_190,0,0,0,1,0,1,0,0,1,0,0,0,0,0,0,0,0,0,1,0,0,0,0,0,0,0,0,0
miniklexi_191,0,3,0,0,0,4,0,1,2,0,0,0,1,0,0,0,0,2,1,0,0,0,0,0,0,0,0,0
miniklexi_192,0,1,1,0,2,4,0,3,2,0,0,0,0,0,0,0,0,1,0,0,0,0,0,0,1,0,1,0
miniklexi_193,0,0,0,0,1,6,0,3,0,0,0,0,1,0,0,0,0,1,0,1,0,0,0,0,0,0,0,0
miniklexi_194,0,0,0,1,0,2,0,1,0,0,0,0,3,0,0,0,0,0,3,0,0,0,0,0,0,0,0,0
miniklexi_195,0,0,0,1,0,7,0,1,0,0,0,0,1,0,0,0,0,4,0,0,0,0,0,0,0,0,1,0
miniklexi_196,0,1,0,1,0,2,1,5,2,0,0,0,1,0,0,0,0,1,1,0,0,0,0,0,0,0,0,0
miniklexi_197,0,1,0,0,0,2,0,1,1,0,0,0,0,0,0,0,0,2,1,0,0,0,0,0,0,0,0,0
miniklexi_198,0,1,1,0,0,3,0,1,0,0,0,0,0,0,0,0,0,1,3,0,0,0,0,0,0,0,0,0
miniklexi_199,0,1,0,1,0,2,0,0,0,0,0,0,0,0,0,0,0,0,0,0,0,0,0,0,0,0,1,0
miniklexi_200,0,1,0,0,0,5,0,0,1,0,0,0,1,0,0,0,0,1,0,0,0,0,0,0,0,0,0,0
miniklexi_201,0,0,0,0,0,6,1,3,0,0,0,0,1,0,0,0,0,0,0,0,0,0,0,0,1,0,0,0
miniklexi_202,0,0,0,1,0,3,0,0,1,0,0,0,2,0,0,0,0,0,0,0,0,0,0,0,0,0,0,0
miniklexi_203,0,1,0,0,0,4,0,2,0,0,0,0,2,0,0,0,0,1,1,0,0,0,0,0,0,0,0,0
miniklexi_204,0,0,0,0,1,12,0,2,5,0,0,0,2,0,0,0,0,0,0,0,0,0,0,0,0,0,0,0
miniklexi_205,0,3,1,0,0,6,1,1,1,0,0,0,0,0,0,0,0,3,0,0,0,0,0,0,1,1,0,0
miniklexi_206,0,1,0,2,0,7,0,2,0,0,0,0,0,0,0,0,0,0,0,0,0,0,0,0,0,0,3,0
miniklexi_207,0,0,0,0,1,9,0,2,3,0,0,0,4,0,0,0,0,0,1,0,0,0,0,0,0,0,0,0
miniklexi_208,0,0,0,3,1,13,0,2,0,0,0,0,1,0,0,0,0,0,2,0,0,0,0,0,0,2,0,0
miniklexi_209,0,0,0,2,0,4,0,0,0,0,0,0,2,0,0,0,0,0,0,0,0,0,0,0,0,0,1,0
miniklexi_210,0,0,0,0,1,4,1,0,1,0,0,0,0,0,0,0,0,0,1,0,0,0,0,0,0,0,0,0
miniklexi_211,0,0,0,2,0,4,0,1,2,0,0,0,0,0,0,0,0,2,1,0,0,0,0,0,0,0,2,0
miniklexi_212,0,0,0,1,0,0,0,0,1,0,0,0,0,0,0,0,0,3,1,0,0,0,0,0,0,0,0,0
miniklexi_213,0,0,0,1,1,5,0,3,1,0,0,0,0,0,0,0,0,2,1,0,0,0,0,0,0,0,1,0
miniklexi_214,0,0,0,0,0,3,0,2,1,1,1,0,0,0,0,0,0,0,0,0,0,0,0,0,1,0,0,0
miniklexi_215,0,0,0,0,0,1,0,0,0,0,0,0,1,0,0,0,0,0,0,0,0,0,0,0,0,0,0,0
miniklexi_216,0,0,0,1,0,1,0,0,0,0,0,0,1,0,0,0,0,0,3,0,0,0,0,0,2,1,0,0
miniklexi_217,0,1,0,0,0,3,0,0,1,0,0,0,1,0,0,0,0,2,0,0,0,0,0,0,0,0,0,0
miniklexi_218,0,0,1,1,0,1,0,3,0,0,0,0,0,0,0,0,0,1,0,0,0,0,0,0,0,1,0,0
miniklexi_219,0,1,0,0,0,5,0,1,0,0,0,0,0,0,0,0,0,0,0,0,0,0,0,0,0,0,1,0
miniklexi_220,0,2,0,1,0,5,0,1,0,0,0,0,2,0,0,0,0,0,1,0,0,0,0,0,0,0,0,0
miniklexi_221,0,0,0,0,0,4,0,2,0,0,0,0,2,0,0,0,0,1,1,0,0,0,0,0,0,0,0,0
miniklexi_222,0,0,0,3,0,4,0,1,0,0,0,0,0,0,0,0,0,2,0,0,0,0,0,0,0,0,1,0
miniklexi_223,0,0,0,0,0,2,0,4,0,0,0,0,2,0,0,0,0,1,1,0,0,0,0,0,0,0,1,0
miniklexi_224,0,1,0,0,0,2,0,1,0,0,0,0,0,0,0,0,0,0,0,0,0,0,0,0,0,0,1,0
miniklexi_225,0,0,0,1,0,2,0,1,0,0,0,0,0,0,0,0,0,1,0,0,0,0,0,0,0,0,0,0
miniklexi_226,0,0,0,0,0,5,0,0,0,0,0,0,1,0,0,0,0,1,0,0,0,0,0,0,1,0,1,0
miniklexi_227,0,2,0,3,0,6,0,1,1,0,0,0,0,0,0,0,0,0,0,0,0,0,0,0,0,0,1,0
miniklexi_228,0,0,0,1,0,6,0,1,0,0,0,0,1,0,0,0,0,0,0,0,0,0,0,0,0,0,0,0
miniklexi_229,0,0,0,0,0,1,0,1,0,0,0,0,1,0,0,0,0,1,0,0,0,0,0,0,0,0,2,0
miniklexi_230,0,1,0,0,0,2,0,1,4,0,0,0,0,0,0,0,0,0,0,0,0,0,0,0,0,0,0,0
miniklexi_231,0,0,0,1,0,2,0,0,1,0,0,0,0,0,0,0,0,0,3,0,0,0,0,0,0,0,0,0
miniklexi_232,1,1,0,0,0,3,0,3,1,0,0,0,1,0,0,0,0,0,2,0,0,0,0,0,0,1,0,0
miniklexi_233,0,1,0,1,0,2,0,0,3,0,0,0,0,0,0,0,0,0,1,0,0,0,0,0,0,0,0,0
miniklexi_234,1,1,0,0,0,6,0,0,1,0,0,0,1,0,0,0,0,1,0,0,0,0,0,0,0,1,3,0
miniklexi_235,0,1,0,0,0,7,0,2,0,0,0,0,2,0,0,0,0,2,0,0,0,0,0,0,0,0,0,0
miniklexi_236,0,0,0,0,0,1,0,0,0,0,0,0,0,0,0,0,0,1,0,0,0,0,0,0,0,0,0,0
miniklexi_237,0,0,0,0,0,4,0,0,1,0,0,0,1,0,0,0,0,0,0,0,0,0,0,0,0,2,3,0
miniklexi_238,0,0,0,0,0,4,1,2,1,0,0,0,0,0,0,0,0,0,0,0,0,0,0,0,0,1,0,0
miniklexi_239,0,0,0,1,0,7,0,1,0,0,0,0,1,0,0,0,0,1,1,0,0,0,0,0,0,0,0,0
miniklexi_240,0,0,0,0,0,7,1,1,2,0,0,0,3,0,0,0,0,1,0,0,0,0,0,0,0,0,0,0
miniklexi_241,0,3,0,3,0,7,0,2,1,0,0,0,1,0,0,0,0,3,1,0,0,0,0,0,0,2,0,0
miniklexi_242,0,1,0,0,0,4,0,0,0,0,0,0,0,0,0,0,0,0,0,0,0,0,0,0,0,0,0,0
miniklexi_243,0,0,0,1,0,6,0,2,2,0,0,0,2,0,0,0,0,0,0,0,0,0,0,0,0,0,1,0
miniklexi_244,0,0,0,1,0,9,0,1,1,0,0,0,1,0,0,0,0,0,0,0,0,0,0,0,0,0,0,0
miniklexi_245,0,1,0,0,0,2,0,0,0,0,0,0,0,0,0,0,0,2,0,0,0,0,0,0,1,0,0,0
miniklexi_246,0,0,0,0,0,7,0,2,0,0,0,0,0,0,0,0,0,3,0,0,0,0,0,0,0,0,1,0
miniklexi_247,0,0,0,2,0,10,0,1,3,0,0,0,0,0,0,0,0,1,0,0,0,0,0,0,1,0,0,0
miniklexi_248,0,0,0,1,0,4,0,0,0,0,0,0,3,0,0,0,0,0,1,0,0,0,0,0,0,0,3,0
miniklexi_249,0,0,0,1,0,2,0,0,0,0,0,0,0,0,0,0,0,1,0,0,0,0,0,0,1,0,0,0
miniklexi_250,0,0,0,0,1,6,0,1,0,0,0,0,0,0,0,0,1,2,0,0,0,0,0,0,0,0,0,0
miniklexi_251,0,0,0,0,0,2,0,1,0,0,0,0,0,0,0,0,0,0,0,0,0,0,0,0,0,0,0,0
miniklexi_252,0,0,0,0,0,3,0,2,1,0,0,0,0,0,0,0,0,2,0,0,0,0,0,0,0,0,1,0
miniklexi_253,0,0,0,0,0,2,0,1,0,0,0,0,0,0,0,0,0,2,0,0,0,0,0,0,0,0,0,0
miniklexi_254,0,3,1,2,0,3,0,3,1,0,0,0,2,0,0,0,0,0,0,0,0,0,0,0,0,1,0,0
miniklexi_255,0,0,0,0,0,5,0,6,0,0,0,0,0,0,0,0,0,1,0,0,0,0,0,0,0,0,1,0
miniklexi_256,0,1,0,2,0,5,0,5,0,0,0,0,1,0,0,0,0,0,0,0,0,0,0,0,0,0,1,0
miniklexi_257,0,1,0,2,0,3,1,0,0,0,0,0,0,0,0,0,0,1,1,0,0,0,0,0,0,0,1,0
miniklexi_258,0,0,0,1,0,5,0,2,1,0,0,0,2,0,0,0,0,0,0,0,0,0,0,0,0,0,0,0
miniklexi_259,0,1,0,1,0,1,0,3,1,0,0,0,0,0,0,0,0,1,1,0,0,0,0,0,0,0,2,0
miniklexi_260,0,0,0,0,0,5,0,0,1,0,0,0,1,0,0,0,0,1,2,0,0,0,0,0,1,1,0,0
miniklexi_261,0,0,0,2,0,8,0,2,0,0,1,0,0,0,0,0,0,1,0,0,0,0,0,0,0,1,2,0
miniklexi_262,0,0,0,0,0,3,0,2,0,0,0,0,1,0,0,0,0,2,0,0,0,0,0,0,0,0,0,0
miniklexi_263,0,0,0,0,0,2,0,1,0,0,1,0,3,0,0,0,0,2,1,0,0,0,0,0,1,0,0,1
miniklexi_264,0,1,0,1,0,6,0,1,4,0,0,0,0,0,0,0,0,2,1,0,0,0,0,0,0,0,1,0
miniklexi_265,0,0,0,2,0,8,0,0,2,0,0,0,0,0,0,0,0,1,0,0,0,0,0,0,0,0,1,0
miniklexi_266,0,0,0,0,0,2,0,3,0,0,0,0,1,0,0,0,0,0,1,0,0,0,0,0,0,2,1,0
miniklexi_267,0,2,0,1,1,9,0,2,1,0,0,0,0,0,0,0,0,0,1,0,0,0,0,0,0,0,0,0
miniklexi_268,0,0,0,0,0,2,1,0,0,0,0,0,0,0,0,0,0,0,0,0,0,0,0,0,0,0,2,0
miniklexi_269,0,1,0,0,0,3,1,2,1,0,0,0,0,0,0,0,0,0,0,0,0,0,0,0,0,0,2,0
miniklexi_270,0,1,0,1,0,1,0,1,1,0,0,0,0,0,0,0,0,1,0,0,0,0,0,0,0,0,0,0
miniklexi_271,0,2,0,1,0,2,0,2,1,0,0,0,3,0,0,0,0,3,0,0,0,0,0,0,0,0,0,0
miniklexi_272,0,2,0,0,0,1,0,2,0,0,1,0,0,0,0,0,0,0,0,0,0,0,0,0,1,0,2,0
miniklexi_273,0,1,0,0,1,3,0,2,1,0,0,0,1,0,0,0,0,2,0,0,0,0,0,0,1,0,1,0
miniklexi_274,0,0,0,1,0,2,0,0,1,0,0,0,0,0,0,0,0,0,0,0,0,0,0,0,0,0,0,0
miniklexi_275,0,0,0,2,0,6,0,0,0,0,0,0,0,0,0,0,1,0,1,0,0,0,0,0,2,0,0,0
miniklexi_276,0,1,0,0,0,3,0,1,0,0,0,0,0,0,0,0,0,1,0,0,0,0,0,0,0,0,0,0
miniklexi_277,0,0,0,0,0,6,0,2,6,0,0,0,1,0,0,0,0,0,1,0,0,0,0,0,0,0,0,0
miniklexi_278,0,2,0,1,0,6,0,4,0,0,0,0,1,0,0,0,1,1,1,0,0,0,0,0,0,0,2,0
miniklexi_279,0,0,0,1,0,2,0,3,0,0,0,0,0,0,0,0,0,1,1,0,0,0,0,0,0,0,2,0
miniklexi_280,0,0,0,2,0,1,0,1,0,0,0,0,3,0,0,0,0,1,1,0,0,0,0,0,0,2,0,0
miniklexi_281,0,0,0,0,0,2,0,1,0,0,0,0,2,0,0,0,0,1,0,0,0,0,0,0,0,0,0,0
miniklexi_282,0,1,0,1,0,3,0,0,0,0,0,0,0,0,0,0,0,0,1,0,0,0,0,0,0,0,0,0
miniklexi_283,0,1,0,0,0,3,0,0,1,0,0,0,2,0,0,0,0,2,0,0,0,0,0,0,0,0,0,0
miniklexi_284,0,0,0,0,1,2,0,1,2,0,0,0,0,0,0,0,0,0,3,0,0,0,0,0,0,0,0,0
miniklexi_285,0,1,1,1,0,6,0,0,0,0,0,0,1,0,0,0,0,0,0,0,0,0,0,0,0,1,1,0
miniklexi_286,0,1,0,3,0,5,1,3,0,0,0,0,0,0,0,0,0,1,1,0,0,0,0,0,0,0,0,0
miniklexi_287,0,1,0,0,0,3,0,1,0,0,0,0,2,0,0,0,0,1,1,0,0,0,0,0,0,0,0,0
miniklexi_288,0,0,0,0,0,3,0,1,1,0,0,0,2,0,0,0,0,0,1,0,0,0,0,0,0,0,1,0
miniklexi_289,0,0,0,0,1,6,0,0,0,0,0,0,1,0,0,0,0,1,1,0,0,0,0,0,0,0,1,0
miniklexi_290,0,0,0,0,0,7,0,2,1,0,0,0,2,0,0,0,0,0,0,0,0,0,0,0,0,0,0,2
miniklexi_291,0,1,0,2,0,0,1,1,1,0,0,0,0,0,0,0,0,0,0,0,0,0,0,0,0,0,0,0
miniklexi_292,0,0,0,1,0,2,0,1,1,0,0,0,0,0,0,0,0,2,0,0,0,0,0,0,0,0,1,0
miniklexi_293,0,0,0,0,0,5,0,0,0,0,0,0,1,0,0,0,0,0,0,0,0,0,0,0,0,0,1,0
miniklexi_294,0,0,0,0,0,2,0,1,0,0,0,0,1,0,0,0,0,1,0,0,0,0,0,0,0,0,1,0
klexikon_0,0,3,0,2,1,12,1,2,4,0,0,0,1,0,0,1,0,2,0,0,0,0,0,0,0,4,4,0
klexikon_1,0,4,0,1,0,11,0,0,4,0,0,0,0,0,0,0,0,2,0,0,0,0,0,0,0,0,0,0
klexikon_2,1,3,1,1,0,15,0,3,1,0,0,0,3,0,0,0,0,1,1,0,0,0,0,0,1,3,2,0
klexikon_3,0,1,0,3,0,15,1,2,3,0,0,0,4,0,0,0,0,3,3,0,0,0,0,0,1,0,2,0
klexikon_4,0,0,0,3,0,17,0,4,3,1,0,0,1,0,0,0,0,3,0,0,0,0,0,0,1,1,3,0
klexikon_5,0,1,0,2,0,10,0,2,1,0,0,0,1,0,0,0,0,2,3,0,0,0,0,0,0,0,3,0
klexikon_6,0,2,0,2,0,6,0,4,0,0,1,0,3,0,0,0,0,1,4,0,0,0,0,0,0,1,1,0
klexikon_7,0,1,1,1,0,3,1,1,1,1,0,0,2,0,0,0,0,1,3,0,0,0,0,0,0,0,1,0
klexikon_8,2,0,0,1,0,8,0,2,2,0,0,0,2,0,0,0,0,1,2,0,0,0,0,0,0,1,1,0
klexikon_9,0,4,0,2,0,9,1,2,2,0,0,0,1,0,0,0,0,3,4,0,0,0,0,0,0,1,1,0
klexikon_10,0,1,0,1,0,12,0,3,5,0,0,1,4,0,0,0,0,2,1,0,0,0,0,0,0,1,3,0
klexikon_11,0,3,0,0,0,8,2,5,2,0,1,0,0,0,0,0,0,3,1,0,0,0,0,0,0,0,0,0
klexikon_12,0,3,0,4,0,13,0,1,3,0,0,0,3,0,0,1,0,3,2,0,0,0,0,0,0,1,4,0
klexikon_13,0,0,1,1,2,18,0,6,5,0,1,0,5,0,0,0,0,5,1,0,0,0,0,0,0,2,4,0
klexikon_14,0,2,0,0,0,6,1,0,0,0,1,0,1,0,0,0,0,0,0,0,0,0,0,0,0,0,1,0
klexikon_15,0,0,0,1,0,6,1,2,7,0,0,0,0,0,0,0,0,3,2,0,0,0,0,0,0,0,0,0
klexikon_16,1,0,1,2,0,3,1,2,3,0,0,0,1,0,0,0,1,2,3,0,0,0,0,0,0,4,0,0
klexikon_17,0,3,0,3,0,7,0,2,3,0,0,0,4,0,0,0,0,5,3,0,0,0,0,0,0,2,1,0
klexikon_18,0,2,0,1,1,10,1,3,1,0,0,0,6,0,0,0,0,3,5,0,0,0,0,0,1,0,3,0
klexikon_19,0,0,0,5,0,9,0,3,1,0,0,0,1,0,0,0,0,2,2,0,0,0,0,0,0,0,1,0
klexikon_20,0,2,1,4,0,17,0,6,0,0,0,0,1,0,0,0,0,5,3,0,0,0,0,0,1,0,1,0
klexikon_21,0,3,1,1,0,12,0,4,1,0,0,0,1,0,0,0,0,1,0,0,0,0,0,0,0,0,1,0
klexikon_22,2,1,0,1,1,12,2,4,1,0,0,0,7,0,0,0,0,3,3,0,0,0,0,0,0,4,2,0
klexikon_23,0,4,0,1,0,13,0,2,5,0,0,0,0,0,0,0,1,5,1,0,0,0,0,0,0,0,0,0
klexikon_24,0,1,1,0,0,10,0,3,1,0,0,0,0,0,0,1,0,1,0,0,0,0,0,0,2,1,1,0
klexikon_25,1,1,0,1,0,22,2,2,3,0,0,0,2,0,0,0,0,3,4,0,0,0,0,0,0,0,3,1
klexikon_26,0,2,0,1,0,11,0,1,0,0,0,0,2,0,0,0,0,0,2,0,0,0,0,0,0,0,1,0
klexikon_27,0,8,0,6,1,18,0,0,1,1,0,0,4,0,0,0,0,3,1,0,0,0,0,0,1,4,3,0
klexikon_28,0,2,0,2,0,4,0,5,0,0,0,0,1,0,0,0,0,1,1,0,0,0,0,0,0,1,0,0
klexikon_29,0,0,0,1,0,15,0,2,2,0,0,0,2,0,0,0,0,4,0,0,0,0,0,0,0,1,1,0
klexikon_30,0,0,0,2,0,12,0,2,0,0,0,0,4,0,0,0,0,2,1,0,0,0,0,0,0,0,4,0
klexikon_31,0,1,1,1,0,8,0,3,0,0,0,0,2,0,0,0,0,0,1,0,0,0,0,0,0,0,1,0
klexikon_32,0,1,0,1,0,9,0,1,1,0,0,0,1,0,0,0,0,2,0,0,0,0,0,0,0,2,0,0
klexikon_33,0,2,1,1,1,9,0,6,2,0,0,0,5,0,0,0,0,3,0,0,0,0,0,0,1,2,6,1
klexikon_34,0,2,1,2,0,10,0,4,2,0,0,0,1,0,0,0,0,2,0,0,0,0,0,0,1,0,3,0
klexikon_35,0,4,0,3,1,26,0,0,2,0,0,0,3,0,0,0,0,1,0,0,0,0,0,0,0,0,2,0
klexikon_36,0,2,0,3,0,6,1,5,2,0,0,0,0,0,0,0,0,5,4,0,0,0,0,0,0,3,1,0
klexikon_37,0,5,1,0,0,10,0,2,9,0,0,1,0,0,0,0,0,3,2,0,0,0,0,0,0,2,7,0
klexikon_38,0,1,0,2,0,15,0,5,4,2,1,0,2,0,0,0,1,4,2,0,0,0,0,0,0,0,3,0
klexikon_39,0,1,0,3,0,16,0,3,1,0,0,0,2,0,0,0,0,5,4,0,0,0,0,0,1,1,5,0
klexikon_40,0,1,1,0,0,12,3,3,3,0,0,1,1,0,0,0,0,2,1,0,0,0,0,0,0,0,0,0
klexikon_41,0,1,0,1,0,5,0,0,2,0,0,0,1,0,0,0,0,1,3,0,0,0,0,0,0,0,2,0
klexikon_42,0,2,0,1,0,8,1,2,0,0,0,0,1,0,0,0,0,1,2,0,0,0,0,0,1,0,2,0
klexikon_43,0,2,1,6,1,11,1,5,3,0,0,0,2,0,0,0,0,4,8,0,0,0,0,0,1,3,5,0
klexikon_44,0,1,0,3,2,15,1,8,2,0,0,0,0,0,0,0,0,5,1,0,0,0,0,0,1,2,3,0
klexikon_45,0,3,0,2,0,10,0,1,0,0,1,0,1,0,0,0,0,1,2,0,0,0,0,0,0,0,0,0
klexikon_46,0,2,0,0,1,11,1,10,5,0,0,0,5,0,0,0,2,3,1,0,0,0,0,0,0,2,6,1
klexikon_47,0,0,0,1,0,6,0,4,0,0,1,0,1,0,0,0,0,1,1,0,0,0,0,0,0,0,2,0
klexikon_48,0,4,1,4,0,10,1,4,3,0,0,0,4,0,0,0,0,1,4,0,0,0,0,0,0,0,0,0
klexikon_49,1,1,0,1,0,14,0,4,1,0,0,0,8,0,0,0,0,1,4,0,0,0,0,0,1,2,2,0
klexikon_50,0,0,0,1,0,7,0,2,2,0,0,0,0,0,0,0,0,2,3,0,0,0,0,0,0,1,2,0
klexikon_51,0,2,0,1,0,8,0,1,0,0,1,0,2,0,0,0,0,1,0,0,0,0,0,0,0,0,0,0
klexikon_52,0,1,0,4,0,19,1,7,1,0,0,0,5,0,0,0,0,2,6,0,0,0,0,0,1,0,4,1
klexikon_53,0,0,0,1,0,12,0,1,0,0,0,0,2,0,0,0,0,3,2,0,0,0,0,0,0,0,0,0
klexikon_54,1,0,0,4,0,7,0,3,2,0,0,0,5,0,0,0,0,4,2,0,0,0,0,0,0,1,2,0
klexikon_55,0,2,0,3,0,10,0,1,7,0,0,0,2,0,0,0,0,2,2,0,0,0,0,0,1,1,1,0
klexikon_56,0,0,0,1,2,5,0,5,1,0,0,0,0,0,0,0,2,3,3,0,0,0,0,0,0,0,0,0
klexikon_57,0,2,0,1,0,6,0,3,1,0,0,0,4,0,0,0,0,1,4,0,0,0,0,0,0,1,1,0
klexikon_58,0,2,0,2,0,8,0,0,1,0,0,0,1,0,0,0,1,3,2,0,0,0,0,0,0,1,2,0
klexikon_59,0,4,0,3,0,8,1,3,3,0,0,0,1,0,0,0,0,2,0,0,0,0,0,0,0,4,3,0
klexikon_60,1,0,0,2,0,10,0,1,5,0,0,1,4,0,0,0,0,3,4,0,0,0,0,0,1,0,0,0
klexikon_61,0,2,0,6,0,6,1,4,0,0,0,0,3,0,0,0,0,3,0,0,0,0,0,0,0,2,2,0
klexikon_62,1,0,0,6,0,10,0,2,3,0,0,0,2,0,0,0,0,4,5,0,0,0,0,0,0,0,3,0
klexikon_63,0,0,0,2,1,6,0,4,0,0,0,0,1,0,0,0,0,4,2,0,0,0,0,0,0,2,3,0
klexikon_64,0,4,0,2,1,12,1,3,1,0,0,0,2,0,0,0,0,8,0,0,0,0,0,0,0,0,0,0
klexikon_65,0,4,0,1,0,16,1,2,2,0,0,0,0,0,0,0,1,1,0,0,0,0,0,0,0,0,1,0
klexikon_66,0,0,0,1,1,12,1,4,0,0,0,0,3,0,0,0,0,5,1,0,0,0,0,0,1,1,0,0
klexikon_67,0,4,0,0,0,18,0,4,1,0,0,0,0,0,0,0,0,6,4,0,0,0,0,0,1,0,0,1
klexikon_68,0,2,1,4,1,20,0,3,0,0,0,0,3,0,0,0,0,2,4,0,0,0,0,0,0,0,3,0
klexikon_69,0,2,0,1,0,7,3,3,2,0,0,0,0,0,0,0,0,1,2,0,0,0,0,0,0,0,0,0
klexikon_70,0,0,1,1,0,7,0,1,2,0,0,0,2,0,0,0,0,5,6,0,0,0,0,0,1,0,1,0
klexikon_71,0,2,0,2,0,8,0,7,0,0,0,0,2,0,0,0,0,4,5,0,0,0,0,0,0,0,0,0
klexikon_72,0,2,0,1,0,7,0,3,5,0,0,0,0,0,0,1,0,2,1,0,0,0,0,0,1,1,3,0
klexikon_73,0,0,0,3,1,1,2,2,1,0,0,0,0,0,0,0,0,1,1,0,0,0,0,0,0,0,1,0
klexikon_74,0,0,0,0,0,4,0,4,1,0,0,0,0,0,0,0,0,3,4,0,0,0,0,0,0,1,4,0
klexikon_75,0,2,1,1,0,2,0,2,0,0,0,1,3,0,0,0,0,7,1,0,0,0,0,0,0,4,0,0
klexikon_76,0,1,0,4,1,19,1,6,7,2,0,0,6,0,0,0,1,5,4,0,0,0,0,0,0,2,4,0
klexikon_77,0,1,0,1,0,7,2,2,1,0,0,0,1,0,0,0,0,4,1,0,0,0,0,0,0,1,0,0
klexikon_78,0,1,0,4,0,12,2,4,4,0,0,0,5,0,0,0,1,6,4,0,0,0,0,0,0,1,1,0
klexikon_79,0,4,0,0,0,20,1,1,5,0,0,0,3,0,0,0,0,4,1,0,0,0,0,0,1,0,1,0
klexikon_80,0,3,0,0,1,7,0,1,1,0,0,0,0,0,0,0,0,1,1,0,0,0,0,0,0,0,3,0
klexikon_81,0,3,1,1,0,12,1,7,1,0,1,0,0,0,0,0,0,1,2,0,0,0,0,0,0,0,0,0
klexikon_82,0,4,0,0,0,6,1,4,5,0,0,0,5,0,0,0,0,3,2,0,0,0,0,0,1,2,1,0
klexikon_83,0,1,0,1,0,8,0,0,0,0,0,0,2,0,0,0,0,0,0,0,0,0,0,0,0,3,2,0
klexikon_84,0,3,3,5,0,7,2,6,2,0,0,0,1,0,0,0,0,4,2,0,0,0,0,0,0,0,2,0
klexikon_85,0,2,0,6,1,17,1,2,4,0,0,0,4,0,0,0,0,1,3,0,0,0,0,0,1,0,2,0
klexikon_86,0,0,0,2,0,17,0,1,0,0,0,0,2,0,0,0,0,2,4,0,0,0,0,0,0,0,5,0
klexikon_87,0,3,0,3,0,19,2,3,4,0,0,0,6,0,0,0,0,2,2,0,0,0,0,0,1,1,2,0
klexikon_88,0,2,1,0,0,6,2,6,0,0,0,0,5,0,0,0,0,3,5,0,0,0,0,0,0,0,1,0
klexikon_89,0,0,0,2,0,8,1,2,2,0,0,0,1,0,0,0,0,4,0,0,0,0,0,0,0,1,0,0
klexikon_90,0,2,1,2,0,13,3,4,3,0,1,0,1,0,0,0,0,2,0,0,0,0,0,0,0,0,2,0
klexikon_91,0,1,0,5,0,10,2,4,3,0,0,0,4,0,0,0,0,4,1,0,0,0,0,0,1,0,4,0
klexikon_92,2,0,0,4,0,16,1,9,1,0,1,0,6,0,0,0,0,5,3,0,0,0,0,0,2,0,6,0
klexikon_93,0,1,0,1,1,6,1,1,2,0,0,0,2,0,0,0,0,7,3,0,0,0,0,0,1,1,2,0
klexikon_94,0,1,0,2,0,6,4,4,2,0,0,0,0,0,0,0,0,2,0,0,0,0,0,0,0,2,1,0
klexikon_95,0,4,1,0,0,4,0,3,2,0,0,0,1,0,0,0,0,4,2,0,0,0,0,0,0,2,0,0
klexikon_96,0,1,1,1,0,6,0,1,2,0,0,0,3,0,0,0,0,2,2,0,0,0,0,0,0,5,1,0
klexikon_97,0,5,0,3,0,7,0,1,0,0,0,0,0,0,0,0,0,2,5,0,0,0,0,0,0,1,0,0
klexikon_98,1,3,0,0,0,20,1,4,2,0,1,0,3,0,0,0,0,1,1,0,0,0,1,0,0,0,1,0
klexikon_99,0,0,1,2,0,11,2,5,3,0,0,0,3,0,0,0,0,2,2,0,0,0,0,0,0,3,4,0
klexikon_100,0,3,0,5,2,19,0,5,3,0,1,0,3,0,0,0,0,3,1,0,0,0,0,0,0,0,2,0
klexikon_101,0,1,1,1,0,2,1,3,2,0,0,1,4,0,0,0,0,1,3,0,0,0,0,0,1,0,1,0
klexikon_102,0,1,1,3,0,9,3,5,2,0,0,0,4,0,0,0,0,3,0,0,0,0,0,0,0,1,1,0
klexikon_103,0,1,0,3,0,14,0,9,10,1,1,0,4,0,0,0,0,4,2,0,0,0,0,0,1,1,3,0
klexikon_104,0,1,1,0,0,12,0,2,2,0,0,0,2,0,0,0,0,2,3,0,0,0,0,0,0,0,1,0
klexikon_105,0,1,0,0,1,1,1,2,2,0,0,0,1,0,0,0,0,1,2,0,0,0,0,0,0,0,1,0
klexikon_106,1,1,0,1,0,4,0,1,1,0,0,0,4,0,0,0,1,0,0,0,0,0,0,0,0,1,2,0
klexikon_107,0,0,0,5,0,10,0,2,6,0,0,0,5,0,0,0,0,1,2,0,0,0,1,0,1,3,0,0
klexikon_108,0,0,0,0,0,4,0,4,0,0,1,0,0,0,0,0,0,4,0,0,0,0,0,0,0,0,1,0
klexikon_109,0,1,1,1,0,3,0,5,0,0,1,0,2,0,0,0,0,2,2,0,0,0,0,0,0,1,3,0
klexikon_110,0,0,0,3,0,4,0,2,1,0,0,0,3,0,0,0,0,2,0,0,0,0,0,0,0,7,0,0
klexikon_111,0,4,1,0,0,10,0,3,4,0,0,0,2,0,0,0,0,2,0,0,0,0,0,0,0,0,4,1
klexikon_112,0,4,1,3,0,8,0,0,1,0,0,0,2,0,0,0,0,0,0,0,0,0,0,0,0,0,3,0
klexikon_113,0,3,0,0,0,14,0,0,1,0,0,0,1,0,0,0,0,1,2,0,0,0,0,0,2,0,0,0
klexikon_114,0,0,0,1,0,18,0,0,0,0,0,0,0,0,0,0,0,0,2,0,0,0,0,0,1,1,1,0
klexikon_115,0,0,0,2,0,9,0,7,10,0,0,0,3,0,0,1,0,4,0,0,0,0,0,0,0,4,4,0
klexikon_116,0,5,1,4,1,14,0,4,0,0,0,0,4,0,0,0,1,5,0,0,0,0,0,0,1,1,0,0
klexikon_117,0,1,0,0,0,14,0,8,6,1,0,0,3,0,0,0,0,4,2,0,0,0,0,0,0,1,2,0
klexikon_118,0,3,0,2,0,6,1,6,4,0,0,0,4,0,0,0,0,2,0,0,0,0,0,0,1,1,3,0
klexikon_119,0,0,0,2,1,5,0,4,1,0,0,0,2,0,0,0,1,5,4,0,0,0,0,0,0,3,5,0
klexikon_120,0,2,0,3,1,16,1,5,1,0,0,0,3,0,0,0,0,3,7,0,0,0,0,0,1,3,2,0
klexikon_121,0,1,0,4,0,13,1,4,4,0,0,0,2,0,0,0,0,3,1,0,0,0,0,0,2,2,3,0
klexikon_122,0,1,0,2,1,6,0,2,0,0,0,0,3,0,0,0,0,1,2,0,0,0,1,0,0,0,0,0
klexikon_123,0,2,0,1,0,7,1,0,0,0,0,0,2,0,0,0,0,0,3,0,0,0,0,0,1,2,0,0
klexikon_124,1,5,1,1,0,9,0,7,2,0,0,0,3,0,0,0,0,7,3,0,0,0,0,0,1,2,1,0
klexikon_125,0,1,1,3,0,14,3,4,2,1,0,0,0,0,0,0,1,2,0,0,0,0,0,0,1,0,2,0
klexikon_126,0,2,1,3,1,20,0,6,2,0,0,0,3,0,0,0,0,2,2,0,0,0,0,0,0,2,2,0
klexikon_127,0,1,0,2,0,3,0,0,1,0,0,0,8,0,0,0,0,0,3,0,0,0,0,0,0,0,0,1
klexikon_128,0,0,0,4,1,10,0,0,4,0,0,0,1,0,0,1,0,3,3,0,0,0,0,0,2,2,1,0
klexikon_129,0,0,0,4,1,16,0,8,2,1,0,0,3,0,0,0,1,4,1,0,0,0,0,0,0,1,3,0
klexikon_130,0,0,0,0,1,4,1,0,1,0,0,0,2,0,0,0,0,1,3,0,0,0,0,0,0,2,2,0
klexikon_131,0,2,0,1,0,5,3,0,1,0,0,0,0,0,0,0,0,3,2,0,0,0,1,0,1,0,0,0
klexikon_132,0,1,0,1,0,11,0,5,2,0,1,0,0,0,0,1,2,8,4,0,0,0,0,0,1,0,2,0
klexikon_133,0,0,0,0,1,5,0,2,1,0,0,0,6,0,0,0,0,0,4,0,0,0,0,0,1,0,0,0
klexikon_134,0,0,0,1,0,9,0,2,0,0,0,0,1,0,0,0,0,3,2,0,0,0,0,0,0,1,0,0
klexikon_135,0,1,0,0,1,9,0,1,3,1,0,0,3,0,0,0,0,2,0,0,0,0,0,0,0,1,3,0
klexikon_136,0,3,1,1,0,7,1,7,2,0,1,0,0,0,0,0,0,5,2,0,0,0,0,0,2,1,2,0
klexikon_137,0,0,0,5,0,15,0,2,3,0,0,0,3,0,0,0,0,3,7,0,0,0,0,0,1,3,0,0
klexikon_138,0,0,0,0,0,3,2,2,0,0,0,0,2,0,0,0,0,2,1,0,0,0,1,0,0,0,1,0
klexikon_139,0,2,0,6,0,23,1,9,4,0,0,0,3,0,0,1,0,9,3,0,0,0,0,0,1,0,4,0
klexikon_140,0,2,0,1,0,13,2,2,0,0,0,0,0,0,0,0,0,4,1,0,0,0,0,0,0,0,5,1
klexikon_141,0,4,0,2,0,16,0,2,1,0,0,1,3,0,0,0,0,3,1,0,0,0,0,0,0,0,4,0
klexikon_142,0,1,0,1,0,6,0,2,0,0,0,0,5,0,0,0,0,0,2,0,0,0,0,0,0,1,0,0
klexikon_143,0,3,0,1,1,6,0,6,2,0,0,0,7,0,0,0,0,8,3,0,0,0,0,0,2,0,3,0
klexikon_144,0,0,0,3,1,10,0,1,1,0,0,0,0,0,0,0,0,3,0,0,0,0,0,0,2,0,2,0
klexikon_145,0,2,2,3,0,10,2,4,0,0,0,0,4,0,0,0,0,6,1,0,0,0,1,0,0,0,0,0
klexikon_146,0,2,0,3,0,15,0,3,3,0,0,0,3,0,0,0,0,3,2,0,0,0,0,0,0,0,5,0
klexikon_147,0,0,0,2,0,4,1,1,1,0,0,0,0,0,0,0,0,1,1,0,0,0,0,0,0,1,0,0
klexikon_148,0,2,0,3,0,9,2,0,5,0,0,0,1,0,0,0,0,3,0,0,0,0,0,0,0,0,0,0
klexikon_149,0,1,1,4,0,8,0,0,4,0,1,0,0,0,0,0,0,3,0,0,0,0,0,0,0,4,1,0
klexikon_150,0,0,0,1,0,15,1,0,3,0,0,0,0,0,0,0,0,6,7,0,0,0,0,0,1,1,0,0
klexikon_151,0,1,1,1,0,5,0,1,0,0,0,0,1,0,0,0,1,1,0,0,0,0,0,0,0,0,2,0
klexikon_152,0,0,0,5,0,10,0,7,8,0,0,0,1,0,0,0,0,5,5,0,0,0,0,0,0,1,0,0
klexikon_153,0,2,0,5,0,8,0,4,3,0,0,0,0,0,0,0,0,7,2,0,0,0,0,0,1,1,3,0
klexikon_154,0,0,0,2,0,10,1,3,3,0,0,0,2,0,0,0,0,0,2,0,0,0,1,0,0,0,4,0
klexikon_155,1,0,0,1,0,10,1,7,0,0,0,0,1,0,0,0,1,5,6,0,0,0,0,0,3,0,3,0
klexikon_156,0,1,0,2,0,9,0,2,3,0,0,1,2,0,0,0,0,1,0,0,0,0,0,0,0,0,2,0
klexikon_157,0,1,0,3,0,20,0,8,0,1,0,0,1,0,0,0,0,3,1,0,0,0,0,0,1,1,1,0
klexikon_158,0,2,1,1,0,12,0,2,3,0,0,0,3,0,0,0,0,1,2,0,0,0,0,0,0,3,1,0
klexikon_159,0,1,0,2,0,7,1,1,1,0,0,0,1,0,0,0,0,1,3,0,0,0,1,0,0,0,2,0
klexikon_160,0,2,0,1,0,6,0,1,4,0,0,0,1,0,0,0,1,1,2,0,0,0,0,0,0,1,0,0
klexikon_161,2,1,0,1,0,9,1,0,2,0,0,0,4,0,0,0,0,3,2,0,0,0,0,0,0,4,1,0
klexikon_162,0,1,0,4,0,8,1,2,0,0,0,0,2,0,0,0,0,1,5,0,0,0,0,0,0,0,1,0
klexikon_163,0,1,0,4,0,8,0,3,0,0,0,0,0,0,0,0,0,0,2,0,0,0,0,0,1,1,0,0
klexikon_164,0,2,0,0,0,14,0,8,8,0,1,0,1,0,0,0,2,5,1,0,0,0,0,0,0,4,2,0
klexikon_165,0,0,2,3,1,19,0,5,6,0,0,0,4,0,0,0,0,2,2,0,0,0,0,0,1,2,0,1
klexikon_166,0,0,1,2,0,19,1,3,5,0,0,0,2,0,0,0,0,2,2,0,0,0,0,0,0,0,1,0
klexikon_167,0,1,0,0,0,6,2,1,2,0,0,0,3,0,0,0,0,1,1,0,0,0,0,0,0,0,1,0
klexikon_168,0,3,0,4,0,18,0,2,3,0,0,0,1,0,0,0,0,4,2,1,0,0,0,0,0,1,2,1
klexikon_169,0,0,0,0,0,9,1,4,1,1,0,0,0,0,0,1,0,7,2,0,0,0,0,0,1,0,4,0
klexikon_170,0,0,0,3,0,10,0,0,0,0,0,0,7,0,0,0,0,0,3,0,0,0,0,0,0,0,3,0
klexikon_171,0,2,1,0,0,10,0,3,1,0,0,0,5,0,0,0,1,1,2,0,0,0,0,0,1,0,0,0
klexikon_172,0,2,0,3,0,6,0,6,3,0,0,0,1,0,0,1,1,3,8,0,0,0,0,0,1,1,1,0
klexikon_173,0,1,2,0,0,6,0,2,0,0,0,0,0,0,0,1,0,0,5,0,0,0,0,0,1,0,0,0
klexikon_174,2,1,1,2,1,8,1,3,2,0,0,0,1,0,0,0,0,4,1,0,0,0,0,0,0,2,3,0
klexikon_175,0,2,0,1,1,17,0,5,0,0,0,0,6,0,0,0,0,1,3,0,0,0,0,0,2,1,2,0
klexikon_176,0,2,1,2,0,10,1,2,2,0,0,0,1,0,0,0,0,4,1,0,0,0,0,0,0,0,2,0
klexikon_177,0,2,0,2,0,5,2,3,0,0,0,0,2,0,0,0,0,0,0,0,0,0,0,0,1,0,3,0
klexikon_178,0,0,0,0,0,6,0,6,0,0,0,0,4,0,0,0,1,1,1,0,0,0,0,0,0,0,1,0
klexikon_179,0,1,0,1,0,7,0,0,0,0,0,0,0,0,0,0,0,0,1,0,0,0,0,0,0,0,1,0
klexikon_180,0,3,1,3,1,11,0,4,4,0,0,0,2,0,0,0,1,1,3,0,0,0,0,0,0,0,0,0
klexikon_181,0,1,0,1,0,15,1,0,1,0,0,0,2,0,0,0,1,3,2,0,0,0,0,0,0,1,2,0
klexikon_182,0,0,0,2,0,6,2,3,4,0,0,0,4,0,0,0,0,0,3,0,0,0,0,0,0,0,3,0
klexikon_183,0,3,0,1,1,10,0,3,6,0,0,0,4,0,0,0,0,9,1,0,0,0,0,0,1,0,1,0
klexikon_184,0,1,0,7,0,21,0,4,4,0,1,0,3,0,0,0,0,4,0,0,0,0,0,0,0,2,5,0
klexikon_185,0,3,1,2,1,6,1,2,1,0,0,0,1,0,0,0,0,5,0,0,0,0,0,0,0,1,1,0
klexikon_186,0,4,0,1,0,2,0,1,2,0,0,0,2,0,0,0,0,1,0,0,0,0,0,0,0,0,1,0
klexikon_187,0,0,0,3,0,9,0,2,3,0,0,0,1,0,0,0,0,3,0,0,0,0,0,0,0,1,0,0
klexikon_188,0,1,0,2,0,6,1,0,0,0,0,0,1,0,0,0,0,0,2,0,0,0,0,0,0,0,1,0
klexikon_189,0,2,0,1,0,8,1,2,3,0,0,0,0,0,0,0,0,0,1,0,0,0,0,0,1,2,1,0
klexikon_190,0,0,0,1,0,6,3,1,1,0,0,0,0,0,0,0,0,1,2,0,0,0,0,0,0,0,0,0
klexikon_191,0,3,0,2,0,4,2,0,2,0,0,0,2,0,0,0,0,3,1,0,0,0,0,0,0,2,1,0
klexikon_192,1,1,1,1,3,12,0,4,4,0,1,0,0,0,0,0,0,8,3,0,0,0,0,0,1,1,2,0
klexikon_193,0,0,0,0,1,8,1,4,1,0,1,0,1,0,0,0,0,2,0,1,0,0,0,0,0,0,0,0
klexikon_194,0,0,0,2,0,6,1,1,0,1,0,0,6,0,0,0,0,1,4,0,0,0,0,0,1,0,0,0
klexikon_195,0,1,0,1,0,11,0,6,3,0,0,0,2,0,0,0,0,9,4,0,0,0,0,0,1,0,3,0
klexikon_196,0,4,0,3,0,1,1,7,2,0,0,0,1,0,0,0,0,2,2,0,0,0,0,0,0,0,0,0
klexikon_197,0,1,0,2,0,15,0,6,6,0,0,0,0,0,0,0,0,4,5,0,0,0,0,0,0,1,1,0
klexikon_198,0,4,1,0,0,2,3,2,0,0,0,0,0,0,0,0,0,1,3,0,0,0,0,0,0,0,1,0
klexikon_199,0,4,0,6,1,14,2,3,7,0,0,0,3,0,0,0,0,3,0,0,0,0,0,0,0,2,4,0
klexikon_200,0,4,0,2,1,12,1,3,1,0,0,0,2,0,0,0,0,8,0,0,0,0,0,0,0,0,0,0
klexikon_201,0,0,1,1,0,6,1,2,3,0,0,0,1,0,0,0,0,0,1,0,0,0,0,0,0,0,3,0
klexikon_202,0,0,0,2,1,14,2,0,1,0,0,0,7,0,0,0,0,4,1,0,0,0,1,0,1,2,1,0
klexikon_203,0,1,0,2,1,11,0,4,1,0,0,0,1,0,0,0,0,1,11,1,0,0,0,0,0,1,4,0
klexikon_204,0,1,0,0,1,14,0,4,4,0,0,0,3,0,0,0,0,1,0,0,0,0,0,0,0,0,0,0
klexikon_205,0,5,2,2,0,15,1,1,1,0,0,0,2,0,0,0,0,7,1,0,0,0,0,0,0,1,1,0
klexikon_206,0,2,0,2,1,8,0,2,3,1,0,1,1,0,0,0,0,0,1,0,0,0,0,0,1,0,4,1
klexikon_207,0,1,0,0,0,8,0,1,0,0,0,0,4,0,0,0,0,2,1,0,0,0,0,0,0,2,2,0
klexikon_208,0,0,0,4,0,16,0,2,1,0,0,0,4,0,0,0,0,0,7,0,0,0,0,0,1,3,1,0
klexikon_209,0,0,1,1,0,7,0,0,0,0,0,0,2,0,0,0,0,1,0,0,0,0,0,0,0,1,1,0
klexikon_210,0,2,0,2,0,11,0,1,3,0,0,0,0,0,0,1,0,4,11,0,0,0,0,0,0,0,0,0
klexikon_211,0,0,0,2,0,6,1,3,3,0,0,0,0,0,0,0,0,1,2,0,0,0,0,0,0,0,3,0
klexikon_212,0,0,0,3,0,3,0,0,1,0,0,0,1,0,0,0,0,6,0,0,0,0,1,0,0,0,0,0
klexikon_213,0,3,0,1,2,11,1,4,1,0,0,0,1,0,0,0,0,4,1,0,0,0,0,0,0,0,3,0
klexikon_214,0,3,0,1,0,10,1,3,1,1,1,0,1,0,0,0,0,4,0,0,0,0,0,0,1,0,1,0
klexikon_215,0,3,0,1,0,5,1,3,3,0,0,0,1,0,0,0,0,1,0,0,0,0,0,0,0,3,0,0
klexikon_216,0,3,1,2,0,7,2,2,0,0,2,0,2,0,0,0,0,2,9,0,0,0,0,0,1,1,1,0
klexikon_217,0,0,0,1,0,6,0,2,2,0,0,0,1,0,0,1,0,1,1,0,0,0,0,0,0,1,2,0
klexikon_218,0,2,1,1,1,7,2,4,2,0,0,0,0,0,0,0,0,2,2,0,0,0,0,0,0,0,1,0
klexikon_219,0,3,0,1,0,19,2,2,1,0,0,1,0,0,0,0,0,5,0,0,0,0,0,0,0,1,3,0
klexikon_220,0,2,1,2,0,5,0,0,0,0,0,0,3,0,0,0,0,0,3,0,0,0,0,0,2,3,1,0
klexikon_221,0,1,1,0,0,17,0,2,1,0,0,0,2,0,0,0,0,2,1,0,0,0,0,0,0,0,4,0
klexikon_222,0,3,0,3,0,7,0,3,1,0,0,0,0,0,0,0,0,2,0,0,0,0,0,0,0,2,2,0
klexikon_223,0,1,0,2,0,10,1,6,1,0,0,0,2,0,0,0,0,1,1,0,0,0,0,0,0,0,1,0
klexikon_224,0,1,0,0,0,10,0,2,0,0,0,0,1,0,0,0,0,0,1,0,0,0,0,0,0,0,2,0
klexikon_225,0,1,0,3,0,10,0,1,1,0,0,0,0,0,0,0,0,3,2,0,0,0,0,0,0,0,0,0
klexikon_226,0,0,0,1,0,11,0,2,0,0,0,0,2,0,0,0,1,5,0,0,0,0,0,0,1,0,2,0
klexikon_227,0,1,0,2,0,9,0,7,2,0,1,0,1,0,0,0,0,2,0,0,0,0,0,0,0,1,0,0
klexikon_228,0,1,0,1,0,8,0,5,0,0,0,0,7,0,0,0,0,2,2,0,0,0,0,0,1,0,2,1
klexikon_229,0,0,0,1,0,9,0,1,1,0,0,0,1,0,0,0,0,3,2,0,0,0,0,0,0,0,5,0
klexikon_230,0,1,0,0,0,10,1,2,3,0,0,0,2,0,0,0,0,6,2,0,0,0,0,0,0,0,2,0
klexikon_231,0,0,0,2,0,5,0,4,1,0,0,0,4,0,0,0,0,0,5,0,0,0,1,0,0,0,1,0
klexikon_232,0,1,0,1,3,15,1,5,1,0,0,0,0,0,0,1,0,5,8,0,0,0,0,0,0,3,1,0
klexikon_233,0,0,0,2,0,5,2,2,1,0,0,0,0,0,0,0,0,1,3,0,0,0,0,0,0,0,1,0
klexikon_234,0,3,0,0,0,12,0,3,4,0,1,0,1,0,0,0,0,2,1,0,0,0,0,0,0,2,4,0
klexikon_235,0,0,0,2,0,8,0,3,5,0,0,0,2,0,0,0,0,2,0,0,0,0,0,0,0,1,1,0
klexikon_236,0,0,0,0,0,3,1,4,0,0,0,0,0,0,0,0,0,5,0,0,0,0,0,0,0,0,0,0
klexikon_237,0,1,0,2,0,17,0,2,5,0,0,0,3,0,0,0,0,4,3,0,0,0,0,0,0,3,5,1
klexikon_238,0,1,0,2,0,4,1,0,2,0,0,0,1,0,0,0,0,0,0,0,0,0,0,0,0,0,0,0
klexikon_239,0,1,0,8,1,14,0,9,3,0,0,0,2,0,0,0,0,3,1,0,0,0,0,0,0,2,0,1
klexikon_240,0,0,1,3,0,8,1,3,1,0,0,0,6,0,0,0,0,2,2,0,0,0,1,0,0,1,2,0
klexikon_241,0,5,0,1,0,7,0,3,0,0,1,0,1,0,0,0,0,4,1,0,0,0,0,0,0,1,0,0
klexikon_242,0,1,0,3,2,8,0,3,0,0,0,0,0,0,0,0,0,0,0,0,0,0,0,0,0,0,1,0
klexikon_243,1,2,0,5,0,18,0,5,8,1,0,0,4,0,0,0,0,2,0,0,0,0,0,0,1,0,5,0
klexikon_244,0,1,0,2,0,7,0,5,0,0,0,0,3,0,0,0,0,3,0,0,0,0,0,0,1,0,1,1
klexikon_245,0,1,1,2,0,12,1,4,1,0,0,0,1,0,0,0,0,1,1,0,0,0,0,0,1,0,2,0
klexikon_246,0,0,0,2,1,11,0,0,6,0,0,0,0,0,0,0,0,4,0,0,0,0,0,0,0,0,1,0
klexikon_247,0,2,0,4,0,18,0,10,6,0,1,0,2,0,0,0,1,9,2,0,0,0,0,0,1,0,2,0
klexikon_248,0,0,0,1,0,9,0,1,0,0,0,0,2,0,0,0,0,0,2,0,0,0,0,0,0,0,4,0
klexikon_249,0,0,1,1,0,8,1,3,1,0,0,0,0,0,0,0,0,3,1,0,0,0,0,0,1,0,0,0
klexikon_250,0,1,0,2,0,11,2,2,3,0,0,0,1,0,0,0,1,1,4,0,0,0,0,0,0,0,2,0
klexikon_251,0,0,0,2,0,9,0,1,0,0,0,0,0,0,0,0,0,3,1,0,0,0,0,0,0,0,2,0
klexikon_252,0,2,0,1,0,15,1,6,1,0,0,0,0,0,0,0,0,5,1,0,0,0,0,0,1,0,1,0
klexikon_253,0,1,0,1,0,12,1,2,3,0,0,0,0,0,0,0,1,3,0,0,0,0,0,0,0,0,1,0
klexikon_254,0,2,0,2,0,8,0,3,1,0,0,0,5,0,0,0,1,3,1,0,0,0,0,0,0,0,0,0
klexikon_255,0,0,0,0,0,11,0,9,0,0,0,1,0,0,0,0,0,3,0,0,0,0,0,0,0,0,1,0
klexikon_256,0,2,1,5,0,12,0,7,1,0,1,0,1,0,0,0,0,3,2,0,0,0,0,0,1,1,3,0
klexikon_257,0,1,0,3,0,5,1,0,0,0,0,0,0,0,0,0,0,1,1,0,0,0,0,0,0,0,2,0
klexikon_258,0,3,0,2,1,15,0,8,0,0,0,0,3,0,0,0,0,2,2,0,0,0,0,0,0,5,0,0
klexikon_259,0,1,0,3,0,7,1,6,4,0,0,0,0,0,0,0,0,4,4,1,0,0,0,0,1,0,5,0
klexikon_260,0,0,0,0,0,7,0,3,2,0,0,0,1,0,0,0,0,2,2,0,0,0,0,0,1,2,0,0
klexikon_261,0,1,1,2,0,6,0,2,1,0,1,0,1,0,0,0,1,2,0,0,0,0,0,0,0,1,2,0
klexikon_262,0,3,0,0,0,6,0,3,0,0,0,0,2,0,0,0,0,5,3,0,0,0,0,0,0,0,1,0
klexikon_263,0,1,0,1,0,3,0,2,0,0,1,0,5,0,0,0,0,3,2,0,0,0,0,0,1,3,0,1
klexikon_264,1,0,0,2,0,9,0,1,4,0,0,0,4,0,0,0,0,5,0,0,0,0,0,0,0,0,0,0
klexikon_265,0,0,0,3,0,23,1,2,3,0,0,0,0,0,0,0,0,4,0,0,0,0,0,0,0,0,1,0
klexikon_266,0,1,0,1,1,6,0,3,0,0,0,0,1,0,0,0,1,1,2,0,0,0,0,0,0,2,0,0
klexikon_267,0,3,0,1,0,15,1,2,2,0,0,0,2,0,0,0,1,1,2,0,0,0,0,0,0,1,2,0
klexikon_268,0,2,0,1,0,11,2,2,3,0,0,0,1,0,0,1,2,0,0,0,0,0,1,0,0,0,3,0
klexikon_269,0,3,0,1,0,6,1,3,1,0,0,0,0,0,0,0,0,0,2,0,0,0,0,0,1,0,2,0
klexikon_270,0,1,0,3,0,3,0,3,3,0,0,0,0,0,0,0,0,2,3,0,0,0,0,0,0,1,0,0
klexikon_271,0,3,0,7,0,13,2,9,1,0,1,0,2,0,0,1,0,4,2,0,0,0,0,0,0,1,1,0
klexikon_272,0,6,0,0,0,3,0,3,2,0,1,0,0,0,0,0,0,0,1,0,0,0,0,0,1,0,1,0
klexikon_273,0,2,0,3,0,9,1,2,3,0,0,1,1,0,0,0,0,6,5,0,0,0,0,0,2,0,1,0
klexikon_274,0,0,0,4,0,4,0,3,1,0,0,0,0,0,0,0,0,1,0,0,0,0,1,0,1,0,2,0
klexikon_275,0,2,0,1,0,6,0,2,0,0,0,0,1,0,0,0,1,1,1,0,0,0,0,0,1,0,1,0
klexikon_276,5,4,0,0,0,8,0,2,0,0,0,0,2,0,0,0,0,2,1,0,0,0,0,0,2,2,2,2
klexikon_277,0,0,0,3,0,5,0,4,4,0,0,0,3,0,0,0,0,0,7,0,0,0,0,0,0,2,1,0
klexikon_278,0,3,0,2,0,7,0,5,1,0,0,0,0,0,0,0,0,2,0,0,0,0,0,0,0,3,2,0
klexikon_279,0,1,1,3,0,11,0,4,3,0,0,0,1,0,0,0,1,3,2,0,0,0,0,0,0,0,3,0
klexikon_280,0,0,0,3,0,4,0,2,0,0,0,0,7,0,0,0,0,3,2,0,0,0,0,0,0,2,0,0
klexikon_281,0,1,0,2,0,6,0,4,2,1,0,0,5,0,0,0,0,1,5,0,0,0,0,0,0,1,1,1
klexikon_282,0,1,0,2,0,10,0,1,1,0,0,0,0,0,0,0,0,4,1,0,0,0,0,0,0,0,0,0
klexikon_283,0,4,0,2,1,12,1,3,1,0,0,0,2,0,0,0,0,8,0,0,0,0,0,0,0,0,0,0
klexikon_284,1,1,1,2,1,8,0,4,1,0,0,0,3,0,0,0,1,2,5,0,0,0,0,0,1,0,2,0
klexikon_285,0,0,0,2,1,11,0,2,1,0,0,1,3,0,0,0,0,0,4,0,0,0,0,0,0,1,1,0
klexikon_286,0,2,2,2,0,6,3,3,4,0,0,0,1,0,0,0,0,5,1,0,0,0,0,0,0,0,1,0
klexikon_287,0,1,0,0,0,5,0,2,0,0,0,0,3,0,0,0,0,1,3,0,0,0,0,0,0,0,1,0
klexikon_288,0,1,0,5,0,10,0,5,0,0,0,0,5,0,0,0,0,7,6,0,0,0,0,0,0,2,1,0
klexikon_289,0,0,0,0,0,13,0,1,2,0,0,0,1,0,0,0,0,1,1,0,0,0,0,0,0,0,2,0
klexikon_290,0,1,0,1,0,17,0,5,0,0,0,0,2,0,0,0,0,3,1,0,0,0,0,0,1,2,1,2
klexikon_291,0,1,0,1,0,7,0,6,2,0,0,0,0,0,0,0,0,2,4,0,0,0,0,0,0,0,0,0
klexikon_292,0,1,0,5,0,6,0,3,1,0,0,0,1,0,0,0,0,2,2,0,0,0,0,0,1,1,1,0
klexikon_293,1,2,1,3,0,13,0,6,3,0,0,0,0,0,0,0,0,1,6,0,0,0,0,0,0,0,3,0
klexikon_294,0,1,0,0,0,3,0,1,0,0,0,1,3,0,0,0,0,0,0,0,0,0,0,0,0,0,3,0
wiki_0,0,0,0,0,0,9,2,2,1,0,0,0,0,0,0,0,0,1,0,0,0,0,0,0,0,0,0,0
wiki_1,0,1,0,0,0,12,1,0,2,0,0,0,0,0,0,0,0,2,0,0,0,0,0,0,0,0,0,0
wiki_2,0,0,0,0,0,2,0,0,1,0,0,0,2,0,0,0,0,2,3,0,0,0,0,0,0,0,0,0
wiki_3,0,1,0,0,0,4,0,0,0,0,0,0,0,0,0,0,0,0,2,0,0,0,0,0,0,0,1,0
wiki_4,0,0,0,0,0,2,0,1,0,0,0,0,1,0,0,0,0,2,0,0,0,0,0,0,0,0,0,0
wiki_5,0,0,0,0,0,2,0,0,1,0,0,0,0,0,0,0,0,0,0,0,0,0,0,0,0,0,0,0
wiki_6,0,0,0,0,0,0,0,0,0,0,0,0,0,0,0,0,0,0,0,0,0,1,0,0,0,0,0,0
wiki_7,0,0,0,1,0,5,0,1,0,0,0,0,0,0,0,0,0,4,2,0,0,0,0,0,0,0,1,0
wiki_8,0,1,0,0,0,5,0,0,2,0,0,0,0,0,0,0,0,1,1,0,0,0,0,0,0,0,0,0
wiki_9,0,2,0,0,0,6,0,1,2,0,0,0,0,0,0,0,1,2,0,0,0,0,0,0,0,0,0,0
wiki_10,0,0,0,0,0,3,0,1,1,0,0,0,0,0,0,0,0,1,0,0,0,0,0,0,0,0,0,0
wiki_11,0,1,0,2,0,9,0,1,2,0,0,0,0,0,0,0,0,5,0,0,0,0,0,0,0,0,0,0
wiki_12,0,2,0,0,0,7,0,2,0,0,0,0,1,0,0,0,0,0,1,0,0,0,0,0,0,1,0,0
wiki_13,0,0,0,0,0,18,0,0,1,1,0,0,3,0,0,0,0,2,0,0,0,0,0,0,0,0,0,0
wiki_14,0,1,0,1,0,6,1,0,0,0,0,0,0,0,0,0,0,2,1,0,0,0,0,0,0,1,0,0
wiki_15,0,0,0,0,0,7,2,0,5,0,0,0,0,0,0,0,0,3,3,0,0,0,0,0,0,0,0,0
wiki_16,0,0,0,0,0,0,0,0,0,0,0,0,3,0,0,0,0,0,1,0,0,0,0,0,1,0,0,0
wiki_17,0,0,0,0,0,6,0,0,0,0,0,0,0,0,0,0,0,4,0,0,0,0,0,0,0,0,0,0
wiki_18,0,0,0,1,0,5,2,1,0,0,0,0,5,0,0,0,0,3,2,0,0,0,0,0,0,0,1,0
wiki_19,0,1,0,0,0,1,0,0,0,0,0,0,1,0,0,0,0,0,1,0,0,0,0,0,0,0,0,0
wiki_20,0,0,0,0,0,3,0,1,0,0,0,0,0,0,0,0,0,1,2,0,0,0,0,0,0,0,0,0
wiki_21,0,0,0,0,0,2,0,1,0,0,0,0,0,0,0,0,0,1,0,0,0,0,0,0,0,0,0,0
wiki_22,0,0,0,0,0,10,0,0,0,0,0,0,2,0,0,0,0,0,0,0,0,0,0,0,0,0,0,0
wiki_23,0,0,0,0,0,4,0,0,0,0,0,0,1,0,0,0,0,1,0,0,0,0,0,0,0,0,0,0
wiki_24,0,0,0,0,0,1,0,0,0,0,0,0,1,0,0,0,0,2,0,0,0,0,0,0,0,0,0,0
wiki_25,0,2,0,1,0,11,0,4,0,0,1,0,0,0,0,0,1,5,1,0,0,0,0,0,0,0,0,0
wiki_26,0,1,0,0,0,4,0,0,0,0,0,0,0,0,0,0,0,2,0,0,0,0,0,0,0,0,0,0
wiki_27,0,0,0,0,0,4,0,0,0,0,0,0,1,0,0,0,0,0,0,0,0,0,0,0,0,0,0,0
wiki_28,0,0,0,1,0,5,0,0,0,0,0,0,1,0,0,0,0,3,0,0,0,0,0,0,0,0,0,0
wiki_29,0,0,0,0,0,2,0,0,0,0,0,0,0,0,0,0,0,0,0,0,0,0,0,0,0,0,0,0
wiki_30,0,1,0,1,0,11,0,0,0,0,0,0,0,0,0,0,0,1,2,0,0,0,0,0,0,0,0,0
wiki_31,0,0,0,0,0,1,0,0,0,0,0,0,1,0,0,0,0,0,0,0,0,0,0,0,0,0,0,0
wiki_32,0,0,0,0,0,1,0,1,0,0,0,0,2,0,0,0,0,0,1,0,0,0,0,0,0,0,0,0
wiki_33,0,0,0,0,0,1,0,0,0,0,0,0,0,0,0,0,0,1,0,0,0,0,0,0,0,0,0,0
wiki_34,0,2,0,1,0,6,0,2,1,0,0,0,1,0,0,0,0,4,0,0,0,0,0,0,0,0,0,0
wiki_35,0,0,0,1,0,29,1,0,0,0,0,0,0,0,0,0,0,4,1,0,0,0,0,0,0,0,0,0
wiki_36,0,1,0,0,0,2,0,1,0,0,0,0,2,0,0,0,0,0,0,0,0,0,0,0,0,0,0,0
wiki_37,0,0,0,0,0,1,0,0,2,0,0,0,0,0,0,0,0,1,0,0,0,0,0,0,0,0,0,0
wiki_38,0,1,0,1,0,10,1,1,0,0,0,0,1,0,0,0,0,1,4,0,0,0,0,0,0,1,1,0
wiki_39,0,1,0,0,0,7,0,3,0,0,0,0,4,0,0,0,0,6,0,0,0,0,0,0,0,0,0,0
wiki_40,0,0,0,0,0,10,0,1,6,0,0,0,2,0,0,0,0,4,0,0,0,0,0,0,0,0,0,0
wiki_41,0,2,0,0,0,8,1,0,6,0,0,0,0,1,0,0,0,4,0,0,0,0,1,0,0,0,0,0
wiki_42,0,0,0,0,0,0,0,0,0,0,0,0,0,0,0,0,0,1,0,0,0,0,0,0,0,0,1,0
wiki_43,0,2,0,0,1,5,0,2,2,0,1,0,3,0,0,0,0,2,1,0,0,1,1,0,0,0,0,0
wiki_44,0,0,0,0,0,2,0,0,0,0,0,0,0,0,0,0,0,2,0,0,0,0,0,0,0,0,0,0
wiki_45,0,0,0,0,0,4,0,2,0,0,0,0,0,0,0,0,0,1,2,0,0,0,0,0,0,0,0,0
wiki_46,0,0,0,0,0,2,0,0,0,0,0,0,3,0,0,0,0,1,0,0,0,0,0,0,0,0,2,0
wiki_47,0,0,0,1,0,17,0,0,0,0,0,0,2,0,0,0,0,5,0,0,0,0,0,0,0,0,1,0
wiki_48,0,1,0,0,0,0,0,1,0,0,0,0,0,0,0,0,0,3,1,0,0,0,0,0,0,0,1,0
wiki_49,0,2,0,0,0,23,0,2,0,0,1,0,5,0,0,0,0,4,2,0,0,1,0,0,0,0,3,0
wiki_50,0,1,0,0,0,4,0,0,0,0,0,0,2,0,0,0,0,2,3,0,0,0,0,0,1,0,0,0
wiki_51,0,5,1,2,0,16,1,1,1,0,0,0,1,0,0,0,1,4,3,0,0,0,0,0,1,2,1,2
wiki_52,0,1,0,0,0,4,0,0,0,0,0,0,1,0,0,0,0,1,2,0,0,0,0,0,0,0,0,0
wiki_53,0,0,0,0,0,0,0,0,0,0,0,0,4,0,0,0,0,0,0,0,0,0,0,0,0,0,0,0
wiki_54,0,0,0,0,0,0,0,0,0,0,0,0,0,0,0,0,0,0,0,0,0,0,0,0,0,0,0,0
wiki_55,0,0,0,2,0,2,0,0,0,0,0,0,0,0,0,0,0,0,0,0,0,0,0,0,0,0,0,0
wiki_56,0,0,0,0,0,5,0,0,0,0,0,0,0,0,0,0,0,0,0,0,0,0,0,0,0,0,0,0
wiki_57,0,1,0,2,0,15,1,1,0,0,1,0,4,0,0,0,0,4,2,0,0,0,0,0,2,0,1,0
wiki_58,0,5,0,0,0,19,1,1,3,0,0,0,1,0,0,0,0,9,1,0,0,0,0,0,1,0,5,0
wiki_59,0,1,0,0,0,3,1,0,2,0,0,0,0,0,0,0,0,0,0,0,0,0,0,0,0,0,0,0
wiki_60,0,2,0,1,0,7,1,0,0,0,0,0,2,0,0,0,0,4,1,0,0,0,0,0,0,0,0,0
wiki_61,0,1,0,2,1,10,0,1,1,0,0,0,4,0,0,0,0,2,0,0,0,0,0,0,1,0,0,0
wiki_62,0,3,1,4,0,19,1,2,2,0,1,0,2,0,0,0,0,10,2,0,0,0,0,0,2,1,2,0
wiki_63,0,1,0,0,0,1,0,0,0,0,0,0,1,0,0,0,0,0,0,0,0,0,0,0,0,0,0,0
wiki_64,0,1,0,0,0,2,0,0,0,0,0,0,1,0,0,0,0,2,1,0,0,0,0,0,0,0,0,0
wiki_65,0,0,0,0,0,15,1,0,0,0,0,0,0,0,0,0,0,2,1,0,0,0,0,0,0,0,1,0
wiki_66,0,2,2,1,0,13,0,3,1,0,0,0,8,0,0,0,0,12,1,0,0,0,0,0,3,0,2,0
wiki_67,0,1,0,0,0,3,1,0,0,0,0,0,0,0,0,0,0,1,0,0,0,0,0,0,0,0,0,0
wiki_68,0,0,0,3,0,12,0,1,1,0,0,0,2,0,0,0,0,2,1,0,0,0,0,0,0,0,0,0
wiki_69,0,2,0,1,1,25,0,0,1,0,0,0,2,0,0,0,0,5,4,0,0,0,0,0,1,0,4,0
wiki_70,0,2,0,0,0,27,1,0,3,0,0,0,0,0,0,0,0,0,1,0,0,0,0,0,0,0,1,0
wiki_71,0,0,0,0,0,0,0,0,0,0,0,0,0,0,0,0,0,0,0,0,0,0,0,0,0,0,0,0
wiki_72,0,1,0,0,0,5,0,0,0,0,0,0,0,0,0,0,0,0,1,0,0,0,0,0,0,0,0,0
wiki_73,0,0,0,0,0,12,1,0,3,0,0,0,0,0,0,0,0,7,1,0,0,0,0,0,0,0,0,0
wiki_74,0,1,0,0,0,1,0,0,0,0,0,0,1,0,0,0,0,2,1,0,0,0,0,0,1,0,0,0
wiki_75,0,4,0,3,0,12,0,2,1,0,0,0,0,0,0,0,0,6,2,0,0,0,0,0,0,0,0,0
wiki_76,0,0,0,0,0,3,0,0,0,0,0,0,0,0,0,0,0,1,0,0,0,0,0,0,0,0,0,0
wiki_77,0,1,0,1,0,4,0,0,2,0,0,0,0,0,0,0,0,5,1,0,0,0,0,0,1,0,0,0
wiki_78,0,0,0,1,0,4,1,0,0,0,0,0,1,0,0,0,0,1,1,0,0,0,0,0,0,0,0,0
wiki_79,0,2,0,1,0,5,0,0,0,0,0,0,1,0,0,0,0,0,1,0,0,0,0,0,0,0,0,0
wiki_80,0,0,0,0,1,4,0,0,0,0,0,0,1,0,0,0,0,1,2,0,0,1,0,0,0,0,1,0
wiki_81,0,1,0,0,0,13,0,1,0,0,0,0,0,0,0,0,0,0,1,0,0,0,0,0,0,0,0,0
wiki_82,0,0,1,0,0,9,0,1,1,0,0,0,0,0,0,0,0,4,2,0,0,0,0,0,0,1,1,0
wiki_83,0,6,1,0,0,9,1,1,1,0,0,0,3,0,0,0,0,4,1,0,0,0,1,0,0,0,1,0
wiki_84,0,0,1,0,0,5,1,0,0,0,0,0,1,0,0,0,0,1,0,0,0,0,0,0,0,0,0,0
wiki_85,0,1,0,0,0,7,0,1,1,0,0,0,3,0,0,0,0,5,2,0,0,0,0,0,1,1,1,0
wiki_86,0,0,0,0,0,8,0,1,0,0,0,0,2,0,0,0,0,2,0,0,0,0,0,0,0,0,1,0
wiki_87,0,3,1,0,0,10,1,5,2,0,0,0,2,0,0,0,1,7,10,0,0,0,0,0,2,0,3,0
wiki_88,0,2,0,0,1,9,1,0,0,0,0,0,2,0,0,1,0,2,9,0,0,1,0,0,1,0,1,0
wiki_89,0,0,0,0,0,1,0,0,0,0,0,0,0,0,0,0,0,1,0,0,0,0,0,0,0,0,0,0
wiki_90,0,1,0,1,0,5,0,1,1,0,0,0,0,0,0,0,0,4,0,0,0,0,0,0,0,0,0,0
wiki_91,0,0,1,0,0,4,0,0,1,0,1,0,0,0,0,0,0,2,1,0,0,0,0,0,1,0,0,0
wiki_92,0,0,0,0,0,2,0,0,0,0,0,0,0,0,0,0,0,0,0,0,0,0,0,0,0,0,0,0
wiki_93,0,5,0,2,0,17,0,5,5,0,0,0,1,1,0,0,0,6,1,0,0,0,1,0,0,0,1,0
wiki_94,0,0,0,0,0,7,0,0,0,0,0,0,4,0,0,0,0,3,1,0,0,0,0,0,0,0,0,0
wiki_95,0,0,0,0,0,6,1,0,0,0,0,0,0,0,0,0,0,0,1,0,0,0,0,0,0,0,1,0
wiki_96,0,2,0,2,0,4,0,0,0,0,0,0,3,1,0,0,0,3,1,0,0,0,0,0,1,0,0,0
wiki_97,0,4,0,0,0,9,0,1,0,0,0,0,1,0,0,0,0,2,1,0,0,0,1,0,0,0,0,0
wiki_98,0,0,0,1,0,0,0,0,0,0,0,0,2,0,0,0,0,0,0,0,0,0,0,0,0,0,0,0
wiki_99,0,0,0,0,0,4,0,1,0,0,0,0,1,0,0,0,0,0,0,0,0,1,0,0,0,0,3,0
wiki_100,0,0,0,0,0,1,0,0,0,0,0,0,0,0,0,0,0,0,0,0,0,0,0,0,0,0,0,0
wiki_101,0,1,0,0,0,1,0,0,0,0,0,0,1,0,0,0,0,0,0,0,0,0,0,0,0,0,1,0
wiki_102,0,1,0,0,0,2,0,1,0,0,0,0,0,0,0,0,0,2,0,0,0,0,0,0,0,0,0,0
wiki_103,0,0,0,0,0,4,0,1,1,0,1,0,1,0,0,0,0,0,0,0,0,0,0,0,0,0,0,0
wiki_104,0,3,0,1,0,23,8,0,2,0,0,0,1,0,0,0,0,8,2,0,0,0,1,0,0,0,0,0
wiki_105,0,4,0,0,0,15,4,0,6,0,0,0,0,0,0,0,0,4,7,0,0,0,0,0,1,0,0,0
wiki_106,1,0,0,1,1,7,1,4,1,1,0,0,1,0,0,0,0,1,0,0,0,0,0,0,1,0,0,0
wiki_107,1,2,0,0,0,4,1,0,0,0,0,0,4,0,0,0,0,0,0,0,0,0,0,0,0,0,0,0
wiki_108,0,0,0,2,0,2,0,3,0,0,0,0,0,0,0,0,0,2,1,0,0,0,0,0,0,0,0,0
wiki_109,0,1,0,0,0,5,1,0,2,0,0,0,0,0,0,0,0,5,2,0,0,0,0,0,0,0,0,0
wiki_110,0,0,0,0,0,2,0,0,2,0,0,0,1,0,0,0,0,1,0,0,0,0,0,0,0,1,0,0
wiki_111,0,4,0,2,0,14,0,0,1,0,0,0,0,0,0,0,0,1,0,0,0,0,0,0,1,0,0,0
wiki_112,0,0,0,0,1,6,0,0,0,0,0,0,7,0,0,0,0,3,2,0,0,0,0,0,1,0,0,0
wiki_113,0,0,0,0,0,2,0,0,0,0,0,0,1,0,0,0,0,1,0,0,0,0,0,0,0,0,0,0
wiki_114,0,0,0,0,0,3,0,0,0,0,0,0,1,0,0,0,0,1,0,0,0,0,0,0,0,0,0,0
wiki_115,0,0,0,0,0,3,0,0,0,0,0,0,0,0,0,0,0,2,0,0,0,0,0,0,0,0,0,0
wiki_116,0,3,0,1,0,7,0,1,1,0,0,0,7,0,0,0,0,3,2,0,0,0,0,0,0,1,2,0
wiki_117,0,0,0,2,0,4,0,1,0,0,0,0,0,0,0,0,0,0,3,0,0,0,0,0,0,0,0,0
wiki_118,0,1,0,1,0,10,0,1,0,0,0,0,0,0,0,0,0,1,0,0,0,0,0,0,0,0,0,0
wiki_119,0,0,0,0,0,0,0,0,0,0,0,0,0,0,0,0,0,0,0,0,0,0,0,0,0,0,0,0
wiki_120,0,0,0,0,0,4,0,3,0,0,0,0,2,0,0,0,0,3,1,0,0,1,0,0,0,0,1,0
wiki_121,0,8,1,1,0,9,0,1,0,0,0,0,1,0,0,0,0,0,0,0,0,0,0,0,3,1,0,0
wiki_122,0,1,1,1,0,8,0,1,1,0,1,0,6,0,0,0,0,3,2,0,0,0,0,0,0,1,0,0
wiki_123,0,0,0,0,0,5,0,0,0,0,0,0,0,0,0,0,0,4,0,0,0,0,0,0,0,0,1,0
wiki_124,0,1,0,1,1,9,1,1,0,0,0,0,7,0,0,0,0,0,3,0,0,0,0,1,0,0,1,0
wiki_125,0,0,0,0,0,2,0,0,0,0,0,0,0,0,0,0,0,0,0,0,0,0,0,0,0,0,0,0
wiki_126,0,0,0,0,0,0,0,0,0,0,0,0,0,0,0,0,0,0,0,0,0,0,0,0,0,0,0,0
wiki_127,0,0,0,0,0,4,0,0,0,0,0,0,4,0,0,0,0,0,0,0,0,0,0,0,1,0,0,0
wiki_128,0,0,0,0,0,6,2,0,1,0,0,0,2,0,0,0,0,1,0,0,0,0,0,0,1,1,3,0
wiki_129,0,1,0,0,0,4,1,2,1,0,0,0,0,0,0,0,0,1,0,0,0,0,0,0,0,0,1,0
wiki_130,0,0,0,1,0,3,0,0,0,0,0,0,0,0,0,0,0,1,0,0,0,0,0,0,0,0,0,0
wiki_131,0,3,0,0,1,23,5,0,1,0,0,0,0,0,0,0,0,3,0,0,0,0,2,0,0,0,0,0
wiki_132,0,0,0,0,0,22,0,2,2,0,0,0,3,0,0,0,0,2,2,0,0,0,0,0,1,0,1,0
wiki_133,0,0,0,0,0,3,0,0,0,0,0,0,2,0,0,0,0,4,0,0,0,0,0,0,0,0,0,0
wiki_134,0,1,0,1,0,8,0,1,0,0,0,0,7,0,0,0,0,4,3,0,0,0,0,0,0,0,0,0
wiki_135,0,1,0,0,0,2,0,2,0,0,0,0,0,0,0,0,0,1,0,0,0,0,0,0,0,0,0,0
wiki_136,0,0,0,0,0,4,1,1,1,0,1,0,0,0,0,0,0,4,2,0,0,0,0,0,0,0,0,0
wiki_137,0,0,0,0,0,5,0,0,0,0,0,0,2,0,0,0,0,1,1,0,0,0,0,0,0,0,0,0
wiki_138,0,1,0,0,0,5,0,0,0,0,0,0,0,0,0,0,0,2,0,0,0,0,0,0,0,0,0,0
wiki_139,0,1,0,0,0,9,0,0,1,0,0,0,4,0,0,0,0,5,1,0,0,1,0,0,1,0,0,0
wiki_140,0,1,0,0,0,9,0,0,2,0,0,0,1,0,0,0,0,2,0,0,0,0,0,0,0,0,0,0
wiki_141,0,1,0,0,0,10,0,3,2,0,0,0,2,0,0,0,0,1,1,0,0,1,0,0,0,0,1,0
wiki_142,0,0,0,1,0,12,0,3,1,0,0,0,0,0,0,0,0,4,1,0,0,0,0,0,1,0,0,0
wiki_143,0,1,0,1,0,10,0,2,1,0,0,0,3,0,0,0,0,2,2,0,0,0,0,0,0,0,0,0
wiki_144,0,0,0,0,0,4,0,0,0,0,0,0,0,0,0,0,0,0,0,0,0,0,0,0,0,0,0,0
wiki_145,0,0,0,0,0,1,0,0,0,0,0,0,1,0,0,0,0,1,0,0,0,0,0,0,0,0,0,0
wiki_146,0,0,0,2,0,8,0,1,0,0,0,0,1,0,0,0,0,2,2,0,0,1,0,0,0,0,0,0
wiki_147,0,1,0,0,0,7,0,0,0,0,0,0,1,0,0,0,0,1,0,0,0,0,0,0,0,0,1,0
wiki_148,0,0,0,0,0,2,0,1,2,0,0,0,3,0,0,0,0,3,2,0,0,0,0,0,0,0,0,0
wiki_149,0,0,0,0,0,2,0,0,1,0,0,0,1,0,0,0,0,1,0,0,0,0,0,0,0,0,0,0
wiki_150,0,0,0,0,0,8,3,2,0,0,0,0,0,0,0,0,0,4,0,0,0,0,0,0,1,0,0,0
wiki_151,0,3,1,1,0,13,1,1,2,0,0,0,0,0,0,0,0,3,1,0,0,2,0,0,0,1,0,0
wiki_152,0,3,0,1,0,13,0,0,5,0,0,0,1,0,0,0,0,3,0,0,0,0,0,0,0,0,0,0
wiki_153,0,0,0,0,0,1,0,0,0,0,0,0,1,0,0,0,0,1,0,0,0,0,0,0,0,0,0,0
wiki_154,0,0,0,0,0,5,0,0,0,0,0,0,0,0,0,0,0,0,0,0,0,0,0,0,0,0,0,0
wiki_155,0,0,0,0,0,2,0,0,0,0,0,0,0,0,0,0,0,0,0,0,0,1,0,0,0,0,0,0
wiki_156,0,1,0,0,0,9,0,3,0,0,0,0,0,0,0,0,0,2,2,0,0,0,0,0,0,0,1,0
wiki_157,0,1,0,0,0,7,0,0,0,1,0,0,0,0,0,0,0,0,0,0,0,1,0,0,1,0,2,0
wiki_158,0,2,0,0,0,5,0,1,0,0,1,0,4,0,0,0,0,1,1,0,0,0,0,0,1,0,0,0
wiki_159,0,2,0,0,0,9,0,0,0,0,0,0,0,0,0,0,0,1,0,0,0,0,0,0,0,0,0,0
wiki_160,0,0,0,0,0,4,0,0,4,0,0,0,0,0,0,0,0,0,0,0,0,0,0,0,0,0,0,0
wiki_161,0,0,0,0,0,6,0,1,0,0,0,0,0,0,0,0,0,1,0,0,0,0,0,0,0,0,1,0
wiki_162,0,1,0,1,1,18,0,0,2,0,0,0,0,0,0,0,0,7,14,0,0,0,0,0,0,0,0,0
wiki_163,0,1,0,0,0,12,0,1,1,0,0,0,1,0,0,0,0,2,0,0,0,0,0,0,1,0,1,0
wiki_164,0,0,0,0,0,0,0,0,0,0,0,0,0,0,0,0,0,1,0,0,0,0,0,0,0,0,0,0
wiki_165,0,1,0,0,0,12,0,1,1,0,0,0,1,0,0,0,0,7,2,0,0,0,0,0,0,0,0,0
wiki_166,0,4,0,0,0,36,0,0,1,0,0,0,1,0,0,0,0,7,0,0,0,0,0,0,1,0,4,0
wiki_167,0,0,0,0,0,8,0,0,0,0,0,0,1,0,0,0,0,1,1,0,0,0,0,0,0,0,0,0
wiki_168,0,1,0,0,0,6,0,0,0,0,0,0,0,0,0,0,0,1,1,0,0,0,0,0,0,0,1,0
wiki_169,0,1,0,1,0,14,0,5,1,0,0,0,0,0,0,0,1,4,0,0,0,0,0,0,0,0,0,1
wiki_170,0,1,0,0,0,10,1,1,2,0,0,0,7,0,0,0,0,1,1,0,0,0,0,0,1,1,1,0
wiki_171,0,1,0,1,0,14,4,2,0,0,1,0,3,0,0,0,0,2,0,0,0,0,0,0,0,0,3,0
wiki_172,0,1,0,0,0,5,0,1,0,0,0,0,2,0,0,0,0,2,0,0,0,0,0,0,0,0,0,0
wiki_173,0,3,0,0,1,5,0,3,0,0,0,0,0,0,0,0,0,4,0,0,0,0,0,0,1,0,1,0
wiki_174,0,0,1,0,0,14,0,2,1,0,0,0,5,0,0,0,0,1,1,0,0,1,0,0,1,0,1,0
wiki_175,0,0,0,1,0,6,0,1,0,0,0,0,2,0,0,0,0,3,0,0,0,0,0,0,0,0,0,0
wiki_176,0,0,0,0,0,2,0,0,0,0,0,0,0,0,0,0,0,2,0,0,0,0,0,0,0,0,0,0
wiki_177,0,1,0,0,0,4,0,0,0,0,0,0,1,0,0,0,0,2,0,0,0,0,0,0,0,0,0,0
wiki_178,0,2,0,0,0,1,0,0,0,0,0,0,5,0,0,0,0,2,1,0,0,0,0,0,0,0,0,0
wiki_179,0,1,0,0,0,23,1,0,1,0,0,0,0,0,0,0,0,5,7,0,0,0,0,0,0,0,1,0
wiki_180,0,1,0,0,0,12,0,5,3,0,0,0,3,0,0,0,0,3,2,0,0,0,0,0,0,0,1,0
wiki_181,0,0,0,0,0,1,0,0,0,0,0,0,1,0,0,0,0,1,0,0,0,0,0,0,1,0,0,0
wiki_182,0,0,0,1,0,8,0,0,0,0,0,0,3,0,0,0,0,7,3,0,0,2,0,0,1,0,1,0
wiki_183,0,0,0,1,0,1,0,1,0,0,0,0,0,0,0,0,0,0,0,0,0,0,0,0,0,0,0,0
wiki_184,0,0,0,0,0,5,2,0,0,0,0,0,1,0,0,0,0,1,1,0,0,0,0,0,0,0,1,0
wiki_185,0,0,0,1,0,12,0,1,3,0,0,0,0,0,0,0,1,3,1,0,0,0,0,0,0,0,1,0
wiki_186,0,3,1,0,0,12,1,2,0,0,0,0,2,0,0,0,0,3,3,0,0,0,0,0,0,0,1,0
wiki_187,0,0,0,1,0,1,0,0,0,0,0,0,0,0,0,0,0,1,0,0,0,0,0,0,0,0,0,0
wiki_188,0,2,0,0,0,19,1,0,1,0,0,0,0,0,0,0,0,1,0,0,0,1,0,0,0,0,0,0
wiki_189,0,3,1,0,0,14,0,0,1,0,0,0,0,0,0,0,0,3,1,0,0,0,0,0,0,0,0,0
wiki_190,0,0,0,0,0,7,0,0,0,0,0,0,0,0,0,0,0,0,0,0,0,0,0,0,0,0,1,0
wiki_191,0,6,0,3,0,10,0,1,2,0,0,0,1,0,0,0,0,1,2,0,0,0,0,0,0,0,1,0
wiki_192,0,1,0,0,0,4,0,0,0,0,0,0,3,0,0,0,0,0,1,0,0,0,0,0,0,0,0,0
wiki_193,0,5,0,1,0,43,1,1,0,0,0,0,0,0,0,0,0,4,1,0,0,0,0,0,1,0,4,0
wiki_194,0,0,0,0,0,4,0,0,0,0,0,0,7,0,0,0,0,1,2,0,0,0,0,0,0,0,0,0
wiki_195,0,3,0,1,1,12,1,3,0,1,0,0,2,0,0,0,0,3,4,0,0,0,0,0,1,0,2,0
wiki_196,0,0,0,0,0,3,0,0,0,0,0,0,0,0,0,0,0,1,0,0,0,0,0,0,0,0,0,0
wiki_197,0,0,0,0,0,1,0,0,0,0,0,0,0,0,0,0,0,0,0,0,0,0,0,0,0,0,0,0
wiki_198,0,0,0,0,0,10,1,0,0,0,0,0,0,0,0,0,0,0,0,0,0,0,0,0,0,0,0,0
wiki_199,0,0,1,1,0,2,2,1,0,0,1,0,1,0,0,0,0,4,0,0,0,0,0,0,0,0,0,0
wiki_200,0,0,0,0,0,1,0,0,0,0,0,0,0,0,0,0,0,0,1,0,0,0,0,0,0,0,0,0
wiki_201,0,9,0,1,0,7,0,2,0,0,0,0,5,0,0,0,0,4,2,0,0,1,1,0,1,0,2,0
wiki_202,0,0,0,0,0,7,0,0,0,0,0,0,0,0,0,0,0,0,1,0,0,0,0,0,0,0,1,0
wiki_203,1,2,0,0,1,15,0,4,0,0,1,0,4,0,0,0,0,7,1,0,0,0,0,0,1,0,1,0
wiki_204,0,0,0,0,0,2,0,0,1,0,0,0,0,0,0,0,0,0,0,0,0,1,0,0,0,0,0,0
wiki_205,0,1,0,0,0,4,0,0,0,0,0,0,1,0,0,0,0,1,0,0,0,0,0,0,0,0,0,0
wiki_206,0,0,0,1,0,5,1,3,1,0,0,0,2,0,0,0,0,1,0,0,0,0,0,0,0,0,0,0
wiki_207,0,0,0,2,0,5,0,0,0,0,0,0,1,0,0,0,0,1,0,0,0,0,0,0,0,0,0,0
wiki_208,0,0,0,0,0,3,0,0,0,0,0,0,0,0,0,0,0,0,0,0,0,0,0,0,0,0,0,0
wiki_209,0,0,0,0,0,3,0,0,0,0,0,0,2,0,0,0,0,1,0,0,0,1,0,0,0,0,0,0
wiki_210,0,0,0,0,0,2,0,0,0,0,0,0,0,0,0,0,0,1,0,0,0,0,0,0,0,0,0,0
wiki_211,0,3,0,0,0,7,0,0,0,0,0,0,2,0,0,0,0,3,0,0,0,0,0,0,0,0,2,0
wiki_212,0,1,0,1,0,5,0,0,0,0,0,0,0,0,0,0,0,0,0,0,0,0,0,0,0,0,0,0
wiki_213,0,1,0,0,0,16,0,0,0,0,0,0,0,0,0,0,0,3,1,0,0,0,0,0,0,0,0,0
wiki_214,0,1,0,0,0,4,0,0,0,0,0,0,0,0,0,0,0,0,0,0,0,0,0,0,0,0,0,0
wiki_215,0,4,0,2,0,21,0,3,0,0,0,0,0,0,0,0,0,2,6,0,0,0,0,0,1,0,2,0
wiki_216,0,0,0,1,0,6,2,0,0,0,0,0,1,0,0,0,0,4,3,0,0,0,0,0,0,0,1,0
wiki_217,0,0,0,0,0,12,0,1,1,0,0,0,0,0,0,0,0,3,1,0,0,0,0,0,0,0,1,0
wiki_218,0,0,0,0,0,4,0,0,0,0,0,0,0,0,0,0,0,1,0,0,0,0,0,0,0,0,0,0
wiki_219,0,0,0,1,0,8,1,0,1,0,0,0,1,0,0,0,0,1,1,0,0,0,0,0,0,0,0,0
wiki_220,0,0,0,0,0,2,0,0,1,0,0,0,1,0,0,0,0,1,0,1,0,0,0,0,0,0,0,0
wiki_221,0,0,0,0,0,3,0,0,0,0,0,0,1,0,0,0,0,0,1,0,0,0,0,0,1,0,0,0
wiki_222,0,0,0,2,0,6,0,0,1,1,0,0,1,0,0,0,0,1,0,0,0,0,0,0,0,0,0,0
wiki_223,0,1,0,0,0,8,1,0,0,0,0,0,2,0,0,0,0,3,3,0,0,0,0,0,0,0,0,0
wiki_224,0,1,0,0,0,8,1,0,1,0,0,0,1,0,0,0,0,1,0,0,0,0,0,0,0,1,1,0
wiki_225,0,2,0,0,0,1,0,1,0,0,0,0,0,0,0,0,0,0,0,0,0,0,0,0,0,0,0,0
wiki_226,0,0,0,0,0,3,0,0,0,0,0,0,1,0,0,0,0,0,0,0,0,0,0,0,0,0,0,0
wiki_227,0,0,0,0,0,1,0,0,0,0,0,0,1,0,0,0,0,0,0,0,0,0,0,0,0,0,0,0
wiki_228,1,0,0,0,0,4,0,0,0,0,0,0,0,0,0,0,0,2,0,0,0,0,0,0,0,0,0,0
wiki_229,0,1,1,1,0,14,0,0,0,0,0,0,4,0,0,0,0,3,1,0,0,0,0,0,0,0,0,0
wiki_230,0,0,0,0,0,1,0,0,0,0,0,0,1,0,0,0,0,1,0,0,0,0,0,0,0,0,0,0
wiki_231,0,3,1,0,0,11,0,0,1,0,0,0,2,0,0,0,0,2,1,0,0,0,0,0,0,0,2,0
wiki_232,0,0,0,0,0,2,0,0,0,0,0,0,0,0,0,0,0,1,0,0,0,0,0,0,0,0,1,0
wiki_233,0,0,0,0,0,11,2,0,0,0,0,0,0,0,0,0,0,4,1,0,0,0,0,0,0,0,0,0
wiki_234,0,2,0,0,0,4,1,0,0,0,0,0,2,0,0,0,0,3,1,0,0,0,0,0,0,0,1,0
wiki_235,0,0,0,0,0,4,0,0,0,0,0,0,1,0,0,0,0,0,2,0,0,0,0,0,0,0,0,0
wiki_236,0,0,0,0,0,2,0,0,0,0,0,0,1,0,0,0,0,1,0,0,0,0,0,0,0,0,1,0
wiki_237,0,0,0,0,0,4,0,2,0,0,0,0,2,0,0,0,0,3,1,0,0,0,0,0,0,0,0,0
wiki_238,0,2,0,0,0,12,0,2,0,0,0,0,2,0,0,0,0,5,2,0,0,0,1,0,0,0,1,0
wiki_239,0,2,0,2,0,6,0,0,1,0,0,0,1,0,0,0,0,5,0,0,0,0,0,0,2,0,0,0
wiki_240,0,0,0,0,0,4,0,0,0,0,0,0,5,0,0,0,0,2,1,0,0,0,0,0,0,0,1,0
wiki_241,0,0,0,0,0,4,0,0,0,0,0,0,0,0,0,0,0,1,0,0,0,0,0,0,1,0,0,0
wiki_242,0,0,0,0,0,5,0,2,0,0,0,0,0,0,0,0,0,1,0,0,0,0,0,0,0,0,0,0
wiki_243,0,3,0,1,0,11,0,2,0,0,0,0,2,0,0,0,0,8,0,0,0,0,0,0,0,0,1,0
wiki_244,0,1,1,2,0,13,1,1,0,0,0,0,2,0,0,0,0,10,1,0,0,0,0,0,0,0,2,0
wiki_245,0,1,0,0,0,6,0,0,0,0,0,0,1,0,0,0,0,1,0,0,0,0,0,0,0,0,1,0
wiki_246,0,3,0,0,0,7,1,0,2,0,0,0,1,0,0,0,0,3,0,0,0,0,0,0,0,0,0,0
wiki_247,0,0,0,1,0,4,0,0,0,0,0,0,0,0,0,0,0,2,0,0,0,0,0,0,0,0,0,0
wiki_248,0,0,0,0,1,2,0,0,0,0,0,0,0,0,0,0,0,1,0,0,0,0,0,0,0,0,0,0
wiki_249,0,4,0,1,0,22,2,2,6,0,0,0,0,1,0,0,0,4,1,0,0,0,0,0,0,0,1,0
wiki_250,0,3,0,1,0,24,0,1,1,0,0,0,2,0,0,0,0,6,5,0,0,1,0,0,0,0,0,0
wiki_251,0,0,0,0,0,7,0,0,1,0,0,0,0,0,0,0,0,0,0,0,0,0,0,0,0,0,0,0
wiki_252,0,3,0,0,0,11,1,1,1,0,0,0,0,0,0,0,0,5,0,0,0,0,0,0,0,0,0,0
wiki_253,0,2,0,0,0,13,1,0,1,0,0,0,0,0,0,0,0,1,0,0,0,0,0,0,0,0,0,0
wiki_254,0,2,0,0,0,10,1,0,0,0,0,0,0,0,0,0,0,0,0,0,0,0,0,0,0,0,0,0
wiki_255,0,0,0,0,0,2,1,1,3,0,0,0,3,0,0,0,0,1,0,0,0,1,0,0,0,0,0,0
wiki_256,0,0,0,0,0,2,0,0,0,0,0,0,2,0,0,0,0,3,0,0,0,0,0,0,0,0,0,0
wiki_257,0,2,0,1,0,17,1,0,0,0,0,0,0,0,0,0,0,3,2,0,0,0,0,0,0,0,0,0
wiki_258,0,0,0,1,0,4,0,1,3,0,0,0,0,0,0,0,0,2,2,0,0,0,0,0,0,0,0,0
wiki_259,0,0,0,1,0,1,0,0,0,0,0,0,0,0,0,0,0,0,0,0,0,0,0,0,0,0,0,0
wiki_260,0,3,0,1,0,9,0,4,0,0,0,0,3,0,0,0,0,4,1,0,0,0,0,0,1,0,0,0
wiki_261,0,0,0,0,0,6,0,0,1,0,0,0,1,0,0,0,1,1,0,0,0,0,0,0,0,0,0,0
wiki_262,0,0,0,0,1,1,0,0,0,0,0,0,0,0,0,0,0,0,0,0,0,0,0,0,0,0,0,0
wiki_263,0,1,0,0,0,3,0,0,1,0,0,0,0,0,0,0,0,2,1,0,0,0,1,0,1,0,0,0
wiki_264,0,1,0,1,0,8,0,2,2,0,0,0,1,0,0,0,0,2,1,0,0,0,0,0,1,1,1,0
wiki_265,0,2,0,1,0,9,0,2,0,0,0,0,0,0,0,0,0,1,0,0,0,0,0,0,0,0,1,0
wiki_266,0,0,0,0,0,1,0,0,0,0,0,0,0,0,0,0,0,0,0,0,0,0,0,0,0,0,0,0
wiki_267,0,0,0,1,0,5,0,0,0,0,0,0,2,0,0,0,0,2,0,0,0,0,0,0,0,0,0,0
wiki_268,0,2,0,1,0,6,3,0,0,0,0,0,0,0,0,0,0,0,3,0,0,0,0,0,0,0,0,0
wiki_269,0,0,0,0,0,3,0,0,1,0,0,0,0,0,0,0,0,0,0,0,0,0,0,0,0,0,0,0
wiki_270,0,0,1,0,0,0,0,0,0,0,0,0,2,0,0,0,0,1,0,0,0,0,0,0,0,0,0,0
wiki_271,0,1,0,0,0,1,0,0,0,0,0,0,1,0,0,0,0,0,0,0,0,0,0,0,0,0,0,0
wiki_272,0,1,0,0,0,1,1,1,0,0,0,0,0,0,0,0,0,0,0,0,0,0,0,0,1,0,0,0
wiki_273,0,0,0,0,0,0,0,0,0,0,0,0,2,0,0,0,0,0,0,0,0,0,0,0,0,0,0,0
wiki_274,0,0,0,0,0,1,0,0,0,0,0,0,1,0,0,0,0,1,0,0,0,0,0,0,0,0,0,0
wiki_275,0,0,0,0,0,1,0,0,0,0,0,0,1,0,0,0,0,0,0,0,0,0,0,0,0,0,0,0
wiki_276,0,0,0,0,0,3,0,0,0,0,0,0,0,0,0,0,0,0,0,0,0,0,0,0,1,0,0,0
wiki_277,1,0,0,0,0,1,1,0,0,0,0,0,2,0,0,0,0,1,0,0,0,0,1,0,0,0,0,0
wiki_278,0,0,0,0,0,2,0,0,0,0,0,0,0,0,0,0,0,1,2,0,0,0,0,0,0,0,1,0
wiki_279,0,0,0,0,0,4,0,0,0,0,0,0,0,0,0,0,0,3,0,0,0,0,0,0,0,0,0,0
wiki_280,0,2,0,0,0,2,0,0,1,0,0,0,1,0,0,0,0,1,0,0,0,0,0,0,0,0,0,0
wiki_281,0,1,0,1,0,12,0,0,0,0,0,0,1,0,0,0,0,0,0,0,0,0,0,0,1,0,0,0
wiki_282,0,1,0,0,0,13,0,1,0,0,0,0,0,0,0,0,0,2,1,0,0,0,0,0,0,0,2,0
wiki_283,0,0,0,0,0,1,0,0,0,0,0,0,0,0,0,0,0,0,1,0,0,0,0,0,0,0,0,0
wiki_284,0,3,0,0,0,3,0,0,0,0,0,0,1,0,0,0,0,1,0,0,0,0,0,0,0,0,1,0
wiki_285,0,0,0,0,0,1,0,0,0,0,0,0,0,0,0,0,0,0,1,0,0,0,0,0,0,0,0,0
wiki_286,0,0,0,0,0,13,0,0,1,0,0,0,2,0,0,0,0,0,0,0,0,0,0,0,0,0,0,0
wiki_287,0,0,0,0,0,1,1,0,0,0,0,0,2,0,0,0,0,2,0,0,0,1,0,0,0,0,0,0
wiki_288,0,0,0,1,0,3,0,0,0,0,0,0,2,0,0,0,0,1,1,0,0,0,0,0,0,0,0,0
wiki_289,0,0,0,1,0,21,2,0,1,0,0,0,1,0,0,0,1,4,3,0,0,1,0,0,0,1,4,0
wiki_290,0,0,0,0,0,5,0,2,0,0,2,0,0,0,0,0,0,2,0,0,0,0,0,0,1,0,2,0
wiki_291,0,4,0,0,0,12,0,0,2,0,1,0,0,0,0,0,0,2,5,0,0,0,0,0,0,0,2,0
wiki_292,0,0,0,0,0,0,0,0,1,0,0,0,0,0,0,0,0,1,0,0,0,0,0,0,0,0,0,0
wiki_293,0,1,0,2,0,12,0,3,4,0,2,0,1,0,0,0,0,6,3,0,0,0,0,0,0,0,2,0
wiki_294,0,1,0,0,0,12,0,2,3,0,1,0,2,0,0,0,0,7,3,0,0,0,0,0,0,0,0,0
